,Ngày,Lần,cuối,Mở,Cao,Thấp,KL,%,Thay,đổi
0,Ngày,Lần,cuối,Mở,Cao,Thấp,KL,%,Thay,đổi
1,30/06/2021,"1,771.60","1,761.90","1,774.70","1,753.20",177.89K,0.45%,,,
2,29/06/2021,"1,763.60","1,778.80","1,779.20","1,750.10",239.91K,-0.96%,,,
3,28/06/2021,"1,780.70","1,782.00","1,786.10","1,770.40",160.79K,0.16%,,,
4,25/06/2021,"1,777.80","1,775.70","1,791.00","1,773.60",161.20K,0.06%,,,
5,24/06/2021,"1,776.70","1,778.20","1,788.60","1,772.70",152.23K,-0.38%,,,
6,23/06/2021,"1,783.40","1,779.10","1,795.60","1,773.10",179.27K,0.34%,,,
7,22/06/2021,"1,777.40","1,783.20","1,790.10","1,771.20",172.75K,-0.31%,,,
8,21/06/2021,"1,782.90","1,764.30","1,786.90","1,764.10",195.52K,0.79%,,,
9,18/06/2021,"1,769.00","1,773.90","1,797.90","1,761.20",264.61K,-0.33%,,,
10,17/06/2021,"1,774.80","1,812.30","1,826.40","1,767.90",385.89K,-4.65%,,,
11,16/06/2021,"1,861.40","1,861.00","1,866.00","1,804.40",234.10K,0.27%,,,
12,15/06/2021,"1,856.40","1,867.80","1,870.90","1,853.00",155.34K,-0.51%,,,
13,14/06/2021,"1,865.90","1,879.60","1,879.70","1,845.70",242.30K,-0.73%,,,
14,11/06/2021,"1,879.60","1,901.90","1,906.20","1,876.10",220.46K,-0.89%,,,
15,10/06/2021,"1,896.40","1,891.40","1,903.00","1,871.80",250.55K,0.05%,,,
16,09/06/2021,"1,895.50","1,894.40","1,901.70","1,889.30",147.33K,0.06%,,,
17,08/06/2021,"1,894.40","1,901.60","1,906.90","1,885.70",173.60K,-0.23%,,,
18,07/06/2021,"1,898.80","1,894.30","1,902.90","1,883.70",146.02K,0.36%,,,
19,04/06/2021,"1,892.00","1,872.70","1,899.00","1,855.60",228.83K,1.00%,,,
20,03/06/2021,"1,873.30","1,910.50","1,912.30","1,866.70",278.58K,-1.92%,,,
21,02/06/2021,"1,909.90","1,903.00","1,911.80","1,896.40",166.04K,0.26%,,,
22,01/06/2021,"1,905.00","1,906.80","1,919.20","1,894.50",290.65K,-0.32%,,,
23,31/05/2021,"1,911.15","1,906.80","1,913.40","1,904.85",-,0.23%,,,
24,30/05/2021,"1,906.75","1,907.60","1,907.90","1,906.10",-,0.08%,,,
25,28/05/2021,"1,905.30","1,899.80","1,908.80","1,884.30",198.14K,0.36%,,,
26,27/05/2021,"1,898.50","1,899.30","1,906.50","1,890.80",211.79K,-0.28%,,,
27,26/05/2021,"1,903.80","1,902.40","1,915.60","1,893.00",178.18K,0.17%,,,
28,25/05/2021,"1,900.50","1,883.40","1,903.70","1,875.40",176.60K,0.73%,,,
29,24/05/2021,"1,886.70","1,885.60","1,890.00","1,877.90",55.84K,0.42%,,,
30,21/05/2021,"1,878.90","1,880.40","1,892.30","1,872.50",53.04K,-0.27%,,,
31,20/05/2021,"1,883.90","1,872.20","1,887.20","1,866.20",44.91K,0.03%,,,
32,19/05/2021,"1,883.40","1,872.20","1,893.20","1,854.40",58.81K,0.71%,,,
33,18/05/2021,"1,870.10","1,869.10","1,877.80","1,865.60",49.55K,0.03%,,,
34,17/05/2021,"1,869.60","1,843.50","1,871.10","1,843.10",42.11K,1.61%,,,
35,14/05/2021,"1,840.00","1,829.30","1,849.00","1,821.30",24.14K,0.76%,,,
36,13/05/2021,"1,826.10","1,816.60","1,830.90","1,810.70",41.80K,0.07%,,,
37,12/05/2021,"1,824.80","1,840.20","1,846.50","1,815.00",55.16K,-0.72%,,,
38,11/05/2021,"1,838.10","1,837.60","1,844.30","1,819.80",71.63K,-0.09%,,,
39,10/05/2021,"1,839.80","1,836.10","1,848.40","1,832.80",64.97K,0.34%,,,
40,07/05/2021,"1,833.50","1,817.30","1,846.50","1,815.70",26.44K,0.86%,,,
41,06/05/2021,"1,817.90","1,789.00","1,820.50","1,784.10",23.09K,1.76%,,,
42,05/05/2021,"1,786.50","1,780.90","1,790.20","1,771.50",20.46K,0.47%,,,
43,04/05/2021,"1,778.20","1,795.10","1,801.60","1,771.60",9.94K,-0.88%,,,
44,03/05/2021,"1,794.00","1,770.40","1,800.80","1,768.50",7.92K,1.37%,,,
45,30/04/2021,"1,769.80","1,773.90","1,775.00","1,765.60",17.31K,-0.04%,,,
46,29/04/2021,"1,770.50","1,784.20","1,791.50","1,756.80",8.69K,-0.32%,,,
47,28/04/2021,"1,776.10","1,777.30","1,784.70","1,763.90",5.98K,-0.28%,,,
48,27/04/2021,"1,781.00","1,783.20","1,787.80","1,776.60",7.80K,-0.07%,,,
49,26/04/2021,"1,782.30","1,776.00","1,784.90","1,770.80",3.72K,0.13%,,,
50,23/04/2021,"1,779.90","1,786.30","1,798.20","1,771.70",5.12K,-0.23%,,,
51,22/04/2021,"1,784.00","1,797.00","1,800.00","1,779.30",2.13K,-0.62%,,,
52,21/04/2021,"1,795.20","1,780.60","1,800.00","1,779.00",3.26K,0.83%,,,
53,20/04/2021,"1,780.40","1,772.70","1,782.60","1,765.80",1.91K,0.43%,,,
54,19/04/2021,"1,772.70","1,780.10","1,791.70","1,768.60",1.87K,-0.53%,,,
55,16/04/2021,"1,782.20","1,766.20","1,786.20","1,763.70",2.57K,0.76%,,,
56,15/04/2021,"1,768.80","1,738.80","1,772.40","1,736.80",3.88K,1.76%,,,
57,14/04/2021,"1,738.20","1,748.40","1,752.50","1,734.70",2.79K,-0.65%,,,
58,13/04/2021,"1,749.50","1,734.70","1,751.20","1,725.50",4.27K,0.86%,,,
59,12/04/2021,"1,734.60","1,745.20","1,748.00","1,729.60",3.63K,-0.70%,,,
60,09/04/2021,"1,746.80","1,757.30","1,759.00","1,732.90",4.02K,-0.77%,,,
61,08/04/2021,"1,760.30","1,739.50","1,761.20","1,735.80",4.00K,0.96%,,,
62,07/04/2021,"1,743.60","1,746.60","1,747.20","1,734.00",1.72K,-0.08%,,,
63,06/04/2021,"1,745.00","1,731.80","1,748.30","1,730.70",3.87K,0.83%,,,
64,05/04/2021,"1,730.70","1,732.10","1,735.90","1,723.60",1.37K,0.02%,,,
65,01/04/2021,"1,730.30","1,711.40","1,733.20","1,708.80",2.20K,0.75%,,,
66,31/03/2021,"1,717.50","1,687.30","1,718.10","1,679.40",2.71K,1.75%,,,
67,30/03/2021,"1,687.90","1,714.80","1,715.80","1,680.60",2.72K,-1.67%,,,
68,29/03/2021,"1,716.50","1,736.30","1,736.30","1,707.50",4.05K,-1.15%,,,
69,26/03/2021,"1,736.50","1,729.90","1,738.90","1,723.20",3.39K,0.43%,,,
70,25/03/2021,"1,729.10","1,738.00","1,748.80","1,725.00",2.95K,-0.47%,,,
71,24/03/2021,"1,737.20","1,730.70","1,741.50","1,729.00",3.96K,0.45%,,,
72,23/03/2021,"1,729.50","1,743.10","1,746.00","1,727.20",3.55K,-0.74%,,,
73,22/03/2021,"1,742.40","1,745.00","1,745.90","1,730.70",2.56K,-0.19%,,,
74,19/03/2021,"1,745.80","1,739.50","1,750.00","1,731.70",2.72K,0.54%,,,
75,18/03/2021,"1,736.50","1,751.20","1,758.00","1,722.10",1.44K,0.31%,,,
76,17/03/2021,"1,731.10","1,732.00","1,754.00","1,727.50",1.69K,-0.24%,,,
77,16/03/2021,"1,735.20","1,733.70","1,743.80","1,731.00",1.39K,0.08%,,,
78,15/03/2021,"1,733.80","1,730.00","1,737.30","1,724.80",0.55K,0.55%,,,
79,12/03/2021,"1,724.30","1,726.30","1,732.40","1,701.60",1.14K,-0.17%,,,
80,11/03/2021,"1,727.20","1,729.50","1,742.50","1,722.50",4.24K,0.04%,,,
81,10/03/2021,"1,726.50","1,719.50","1,728.70","1,711.30",7.20K,0.27%,,,
82,09/03/2021,"1,721.90","1,687.30","1,722.30","1,687.30",4.59K,2.32%,,,
83,08/03/2021,"1,682.90","1,711.80","1,715.70","1,678.40",7.90K,-1.23%,,,
84,05/03/2021,"1,703.80","1,696.80","1,709.70","1,690.80",3.17K,-0.12%,,,
85,04/03/2021,"1,705.90","1,712.20","1,725.60","1,693.00",4.05K,-0.88%,,,
86,03/03/2021,"1,721.00","1,734.60","1,734.60","1,705.00",2.19K,-1.02%,,,
87,02/03/2021,"1,738.80","1,725.50","1,742.60","1,709.70",3.86K,0.61%,,,
88,01/03/2021,"1,728.20","1,738.10","1,762.00","1,723.00",1.83K,-0.33%,,,
89,26/02/2021,"1,734.00","1,773.60","1,777.00","1,720.80",5.07K,-2.63%,,,
90,25/02/2021,"1,780.80","1,805.50","1,805.50","1,769.90",1.97K,-1.22%,,,
91,24/02/2021,"1,802.80","1,810.50","1,814.80","1,787.90",0.90K,-0.43%,,,
92,23/02/2021,"1,810.50","1,816.80","1,817.40","1,799.70",0.93K,-0.15%,,,
93,22/02/2021,"1,813.20","1,791.00","1,816.80","1,786.40",0.78K,1.74%,,,
94,19/02/2021,"1,782.20","1,771.30","1,794.40","1,765.00",1.11K,0.13%,,,
95,18/02/2021,"1,779.90","1,784.60","1,792.60","1,773.20",1.48K,0.12%,,,
96,17/02/2021,"1,777.70","1,792.00","1,798.00","1,773.00",1.97K,-1.45%,,,
97,16/02/2021,"1,803.90","1,826.60","1,831.00","1,793.50",1.98K,-0.82%,,,
98,15/02/2021,"1,818.75","1,820.90","1,827.00","1,815.60",-,-0.13%,,,
99,14/02/2021,"1,821.05","1,822.45","1,826.30","1,820.15",-,-0.39%,,,
100,12/02/2021,"1,828.10","1,825.90","1,835.00","1,817.90",1.24K,-0.21%,,,
101,11/02/2021,"1,832.00","1,842.20","1,850.80","1,826.90",1.20K,-0.85%,,,
102,10/02/2021,"1,847.70","1,840.00","1,860.60","1,840.00",2.06K,0.29%,,,
103,09/02/2021,"1,842.40","1,836.70","1,853.00","1,836.70",1.36K,0.19%,,,
104,08/02/2021,"1,838.90","1,820.70","1,844.00","1,814.10",2.78K,1.16%,,,
105,05/02/2021,"1,817.80","1,801.80","1,820.40","1,797.80",1.47K,1.22%,,,
106,04/02/2021,"1,795.90","1,838.00","1,838.00","1,790.30",1.74K,-2.38%,,,
107,03/02/2021,"1,839.60","1,844.30","1,847.20","1,834.80",1.21K,0.11%,,,
108,02/02/2021,"1,837.60","1,866.70","1,869.10","1,835.20",1.19K,-1.60%,,,
109,01/02/2021,"1,867.40","1,864.60","1,874.60","1,858.50",3.44K,0.68%,,,
110,29/01/2021,"1,854.70","1,847.60","1,881.80","1,847.60",1.91K,0.48%,,,
111,28/01/2021,"1,845.80","1,846.20","1,870.40","1,841.50",0.81K,-0.43%,,,
112,27/01/2021,"1,853.80","1,858.60","1,858.60","1,843.00",1.26K,-0.32%,,,
113,26/01/2021,"1,859.80","1,868.60","1,868.60","1,857.00",1.71K,-0.22%,,,
114,25/01/2021,"1,863.90","1,864.40","1,874.40","1,855.00",1.66K,-0.05%,,,
115,22/01/2021,"1,864.80","1,871.30","1,871.30","1,845.00",1.12K,-0.49%,,,
116,21/01/2021,"1,874.00","1,876.90","1,882.70","1,869.20",1.81K,-0.04%,,,
117,20/01/2021,"1,874.80","1,853.10","1,880.00","1,840.00",1.02K,1.40%,,,
118,19/01/2021,"1,849.00","1,832.80","1,850.70","1,810.00",1.63K,0.68%,,,
119,18/01/2021,"1,836.60","1,809.65","1,839.45","1,809.65",-,1.48%,,,
120,17/01/2021,"1,809.75","1,826.80","1,829.10","1,803.60",-,-1.59%,,,
121,15/01/2021,"1,839.00","1,857.90","1,863.40","1,832.30",0.54K,-1.18%,,,
122,14/01/2021,"1,861.00","1,856.90","1,866.20","1,836.60",1.94K,-0.19%,,,
123,13/01/2021,"1,864.60","1,867.20","1,871.00","1,851.60",1.82K,0.57%,,,
124,12/01/2021,"1,854.10","1,860.20","1,873.20","1,846.00",1.40K,-0.37%,,,
125,11/01/2021,"1,860.90","1,853.40","1,861.30","1,828.20",1.37K,0.84%,,,
126,08/01/2021,"1,845.40","1,919.70","1,920.60","1,844.00",3.45K,-4.09%,,,
127,07/01/2021,"1,924.00","1,933.80","1,938.00","1,920.70",3.30K,0.24%,,,
128,06/01/2021,"1,919.40","1,965.60","1,971.50","1,914.40",3.81K,-2.33%,,,
129,05/01/2021,"1,965.20","1,955.00","1,965.90","1,953.70",2.22K,0.39%,,,
130,04/01/2021,"1,957.60","1,927.20","1,959.20","1,926.90",1.25K,2.94%,,,
131,01/01/2021,"1,901.60","1,901.60","1,901.60","1,901.60",-,-0.22%,,,
132,31/12/2020,"1,905.80","1,910.00","1,915.20","1,902.90",0.73K,0.09%,,,
133,30/12/2020,"1,904.00","1,896.50","1,906.40","1,891.20",0.66K,0.56%,,,
134,29/12/2020,"1,893.40","1,893.20","1,900.30","1,890.50",0.37K,0.14%,,,
135,28/12/2020,"1,890.80","1,900.80","1,912.00","1,885.80",0.54K,-0.12%,,,
136,24/12/2020,"1,893.10","1,888.90","1,897.00","1,886.90",0.18K,0.29%,,,
137,23/12/2020,"1,887.60","1,881.50","1,892.30","1,872.60",0.44K,0.40%,,,
138,22/12/2020,"1,880.00","1,891.10","1,892.00","1,875.60",0.69K,-0.64%,,,
139,21/12/2020,"1,892.20","1,916.40","1,920.90","1,872.00",0.56K,-0.32%,,,
140,18/12/2020,"1,898.20","1,893.60","1,903.70","1,892.10",0.57K,-0.07%,,,
141,17/12/2020,"1,899.50","1,876.10","1,910.00","1,876.10",0.35K,1.69%,,,
142,16/12/2020,"1,867.90","1,871.20","1,876.00","1,864.90",0.85K,0.16%,,,
143,15/12/2020,"1,864.90","1,850.20","1,865.70","1,850.20",0.50K,1.25%,,,
144,14/12/2020,"1,841.90","1,848.30","1,849.10","1,830.00",0.68K,-0.60%,,,
145,11/12/2020,"1,853.10","1,848.90","1,859.50","1,836.60",2.14K,0.34%,,,
146,10/12/2020,"1,846.90","1,849.60","1,857.10","1,840.80",2.72K,-0.04%,,,
147,09/12/2020,"1,847.70","1,883.10","1,883.10","1,844.00",1.66K,-1.94%,,,
148,08/12/2020,"1,884.20","1,877.00","1,886.60","1,874.50",1.91K,0.47%,,,
149,07/12/2020,"1,875.30","1,847.90","1,880.40","1,834.20",2.15K,1.42%,,,
150,04/12/2020,"1,849.00","1,850.00","1,860.40","1,842.80",0.91K,0.00%,,,
151,03/12/2020,"1,849.00","1,843.60","1,854.40","1,836.10",0.91K,0.58%,,,
152,02/12/2020,"1,838.40","1,820.60","1,843.00","1,820.60",1.15K,0.58%,,,
153,01/12/2020,"1,827.80","1,789.40","1,829.70","1,789.40",1.45K,2.10%,,,
154,30/11/2020,"1,790.20","1,798.80","1,798.80","1,776.60",0.89K,-0.41%,,,
155,27/11/2020,"1,797.50","1,824.00","1,826.40","1,787.00",0.55K,-0.53%,,,
156,26/11/2020,"1,807.00","1,806.25","1,816.80","1,804.20",-,-0.73%,,,
157,25/11/2020,"1,820.20","1,821.70","1,829.90","1,818.40",0.74K,-0.02%,,,
158,24/11/2020,"1,820.60","1,850.80","1,851.20","1,817.50",0.74K,-1.82%,,,
159,23/11/2020,"1,854.30","1,885.20","1,889.60","1,846.50",0.78K,-1.80%,,,
160,20/11/2020,"1,888.20","1,882.70","1,894.00","1,881.70",0.28K,0.58%,,,
161,19/11/2020,"1,877.40","1,873.30","1,877.50","1,870.00",0.17K,-0.64%,,,
162,18/11/2020,"1,889.50","1,892.50","1,893.60","1,882.00",0.58K,-0.69%,,,
163,17/11/2020,"1,902.60","1,906.20","1,906.20","1,903.50",0.42K,-0.18%,,,
164,16/11/2020,"1,906.00","1,903.10","1,904.70","1,903.00",0.22K,-0.02%,,,
165,13/11/2020,"1,906.30","1,894.90","1,913.90","1,894.90",0.45K,0.68%,,,
166,12/11/2020,"1,893.50","1,889.90","1,901.60","1,889.90",0.91K,0.66%,,,
167,11/11/2020,"1,881.10","1,897.10","1,900.30","1,874.00",0.40K,-0.83%,,,
168,10/11/2020,"1,896.90","1,893.80","1,903.90","1,888.10",0.37K,1.19%,,,
169,09/11/2020,"1,874.50","1,978.40","1,978.40","1,871.90",0.57K,-4.99%,,,
170,06/11/2020,"1,973.00","1,961.50","1,977.70","1,958.10",0.43K,0.29%,,,
171,05/11/2020,"1,967.30","1,948.40","1,968.30","1,948.40",0.16K,2.67%,,,
172,04/11/2020,"1,916.10","1,916.70","1,928.50","1,908.10",0.23K,-0.73%,,,
173,03/11/2020,"1,930.10","1,912.60","1,928.00","1,912.60",0.22K,0.92%,,,
174,02/11/2020,"1,912.50","1,896.80","1,914.90","1,896.80",0.12K,0.66%,,,
175,30/10/2020,"1,899.90","1,908.00","1,908.00","1,897.60",0.16K,0.62%,,,
176,29/10/2020,"1,888.20","1,886.20","1,886.20","1,884.00",0.62K,-0.62%,,,
177,28/10/2020,"1,900.00","1,928.90","1,928.90","1,897.30",0.08K,-1.70%,,,
178,27/10/2020,"1,932.90","1,921.40","1,933.50","1,921.40",0.06K,0.30%,,,
179,26/10/2020,"1,927.10","1,919.00","1,926.10","1,919.00",0.06K,0.04%,,,
180,23/10/2020,"1,926.40","1,926.30","1,926.40","1,924.60",0.04K,0.04%,,,
181,22/10/2020,"1,925.70","1,940.50","1,940.50","1,907.60",0.18K,-1.26%,,,
182,21/10/2020,"1,950.30","1,925.10","1,948.60","1,925.10",0.16K,0.72%,,,
183,20/10/2020,"1,936.30","1,922.90","1,936.60","1,921.90",0.11K,0.17%,,,
184,19/10/2020,"1,933.00","1,941.90","1,941.90","1,941.90",0.12K,0.24%,,,
185,16/10/2020,"1,928.30","1,934.40","1,934.40","1,927.50",0.06K,-0.13%,,,
186,15/10/2020,"1,930.80","1,923.20","1,923.20","1,919.20",0.18K,0.05%,,,
187,14/10/2020,"1,929.80","1,929.40","1,929.40","1,926.70",0.25K,0.68%,,,
188,13/10/2020,"1,916.70","1,937.50","1,949.60","1,915.80",0.23K,-1.74%,,,
189,12/10/2020,"1,950.70","1,953.50","1,957.70","1,948.70",0.22K,0.15%,,,
190,09/10/2020,"1,947.80","1,930.50","1,956.20","1,929.50",0.23K,1.62%,,,
191,08/10/2020,"1,916.80","1,902.80","1,916.20","1,899.00",0.21K,0.27%,,,
192,07/10/2020,"1,911.60","1,894.50","1,911.40","1,890.00",0.19K,-0.87%,,,
193,06/10/2020,"1,928.30","1,937.20","1,942.20","1,900.50",0.10K,-0.55%,,,
194,05/10/2020,"1,939.00","1,937.00","1,937.00","1,937.00",0.11K,0.64%,,,
195,02/10/2020,"1,926.60","1,929.60","1,933.70","1,921.30",0.12K,-0.45%,,,
196,01/10/2020,"1,935.40","1,927.60","1,935.50","1,921.20",0.18K,1.09%,,,
197,30/09/2020,"1,914.60","1,915.30","1,918.90","1,905.20",0.05K,-0.39%,,,
198,29/09/2020,"1,922.10","1,907.40","1,921.20","1,907.40",0.05K,1.11%,,,
199,28/09/2020,"1,901.00","1,883.70","1,905.50","1,872.00",0.35K,0.86%,,,
200,25/09/2020,"1,884.80","1,885.10","1,885.10","1,880.00",0.06K,-0.53%,,,
201,24/09/2020,"1,894.90","1,879.90","1,892.60","1,874.70",0.26K,0.42%,,,
202,23/09/2020,"1,887.00","1,924.60","1,924.60","1,876.30",0.57K,-2.10%,,,
203,22/09/2020,"1,927.50","1,937.90","1,940.50","1,925.50",0.09K,-0.13%,,,
204,21/09/2020,"1,930.00","1,978.20","1,978.90","1,913.50",0.19K,-2.62%,,,
205,18/09/2020,"1,981.90","1,974.20","1,982.00","1,973.60",0.08K,0.64%,,,
206,17/09/2020,"1,969.30","1,970.80","1,974.40","1,965.30",0.13K,-1.07%,,,
207,16/09/2020,"1,990.70","1,989.10","1,997.90","1,985.00",0.11K,0.22%,,,
208,15/09/2020,"1,986.40","1,986.10","1,997.50","1,981.00",0.04K,0.13%,,,
209,14/09/2020,"1,983.90","1,974.10","1,987.80","1,972.80",0.12K,0.84%,,,
210,11/09/2020,"1,967.40","1,971.30","1,975.80","1,966.50",0.10K,-0.80%,,,
211,10/09/2020,"1,983.20","1,971.10","1,991.40","1,969.40",0.21K,0.52%,,,
212,09/09/2020,"1,972.90","1,952.90","1,973.60","1,946.40",0.21K,0.57%,,,
213,08/09/2020,"1,961.80","1,957.50","1,965.90","1,938.80",0.88K,1.28%,,,
214,07/09/2020,"1,937.10","1,940.70","1,947.40","1,930.45",-,-0.18%,,,
215,06/09/2020,"1,940.65","1,941.90","1,944.30","1,937.65",-,-0.62%,,,
216,04/09/2020,"1,952.80","1,956.60","1,959.50","1,951.90",0.17K,-0.16%,,,
217,03/09/2020,"1,956.00","1,970.00","1,972.80","1,953.10",0.73K,-0.43%,,,
218,02/09/2020,"1,964.50","1,988.30","1,990.90","1,959.90",0.70K,-1.72%,,,
219,01/09/2020,"1,998.80","2,018.60","2,018.60","1,995.00",0.24K,-0.02%,,,
220,31/08/2020,"1,999.10","1,991.10","2,002.30","1,991.10",0.28K,0.30%,,,
221,28/08/2020,"1,993.20","1,956.50","1,992.70","1,951.30",0.31K,2.05%,,,
222,27/08/2020,"1,953.10","1,970.10","1,970.30","1,940.70",0.17K,-1.08%,,,
223,26/08/2020,"1,974.40","1,952.90","1,952.90","1,942.10",0.16K,1.50%,,,
224,25/08/2020,"1,945.20","1,965.20","1,965.20","1,944.00",0.02K,-0.87%,,,
225,24/08/2020,"1,962.30","1,962.50","1,979.40","1,955.90",0.11K,-0.37%,,,
226,21/08/2020,"1,969.60","1,982.30","1,982.30","1,959.90",0.12K,0.01%,,,
227,20/08/2020,"1,969.50","1,955.60","1,976.00","1,955.50",0.09K,-1.15%,,,
228,19/08/2020,"1,992.50","2,036.00","2,036.00","1,952.40",0.33K,-2.15%,,,
229,18/08/2020,"2,036.20","2,024.40","2,041.10","2,023.20",0.08K,0.72%,,,
230,17/08/2020,"2,021.60","1,981.70","2,012.30","1,971.60",0.11K,2.27%,,,
231,14/08/2020,"1,976.80","1,996.30","1,996.90","1,971.00",0.13K,-1.08%,,,
232,13/08/2020,"1,998.30","1,973.90","1,993.90","1,971.60",0.03K,1.10%,,,
233,12/08/2020,"1,976.50","1,955.60","1,986.90","1,913.00",0.11K,0.02%,,,
234,11/08/2020,"1,976.10","2,056.50","2,062.20","1,953.50",0.34K,-4.65%,,,
235,10/08/2020,"2,072.40","2,068.70","2,080.00","2,065.00",0.09K,0.53%,,,
236,07/08/2020,"2,061.40","2,120.00","2,120.00","2,060.00",0.39K,-1.99%,,,
237,06/08/2020,"2,103.20","2,086.70","2,115.00","2,085.90",0.40K,1.03%,,,
238,05/08/2020,"2,081.70","2,070.00","2,100.00","2,063.00",0.38K,1.42%,,,
239,04/08/2020,"2,052.60","2,024.60","2,068.40","2,018.70",0.39K,1.73%,,,
240,03/08/2020,"2,017.70","2,026.90","2,040.00","2,015.40",0.42K,0.03%,,,
241,31/07/2020,"2,017.10","2,005.20","2,035.00","2,005.20",0.27K,0.97%,,,
242,30/07/2020,"1,997.70","2,016.00","2,016.00","1,988.90",0.03K,-0.50%,,,
243,29/07/2020,"2,007.70","2,001.00","2,025.00","2,001.00",0.16K,0.56%,,,
244,28/07/2020,"1,996.60","2,008.10","2,028.10","1,967.20",0.16K,0.42%,,,
245,27/07/2020,"1,988.30","1,964.80","1,999.90","1,964.80",0.18K,1.57%,,,
246,24/07/2020,"1,957.50","1,941.80","1,961.00","1,941.00",0.31K,0.53%,,,
247,23/07/2020,"1,947.20","1,923.30","1,945.00","1,923.30",0.57K,1.47%,,,
248,22/07/2020,"1,919.00","1,909.50","1,924.20","1,906.40",0.13K,1.43%,,,
249,21/07/2020,"1,891.90","1,867.60","1,891.30","1,867.00",0.14K,1.67%,,,
250,20/07/2020,"1,860.80","1,862.00","1,862.40","1,862.00",0.03K,0.35%,,,
251,17/07/2020,"1,854.30","1,840.60","1,851.00","1,840.10",0.01K,0.37%,,,
252,16/07/2020,"1,847.40","1,856.00","1,856.00","1,856.00",0.03K,-0.83%,,,
253,15/07/2020,"1,862.80","1,862.30","1,863.10","1,854.30",0.10K,0.01%,,,
254,14/07/2020,"1,862.70","1,850.00","1,863.90","1,850.00",0.06K,-0.11%,,,
255,13/07/2020,"1,864.80","1,857.30","1,858.30","1,857.30",0.10K,0.69%,,,
256,10/07/2020,"1,852.00","1,853.70","1,853.70","1,851.30",0.12K,-0.11%,,,
257,09/07/2020,"1,854.00","1,871.90","1,871.90","1,871.90",0.12K,-0.92%,,,
258,08/07/2020,"1,871.20","1,851.80","1,867.60","1,851.80",0.25K,1.05%,,,
259,07/07/2020,"1,851.80","1,833.90","1,853.60","1,833.90",0.30K,1.15%,,,
260,06/07/2020,"1,830.80","1,825.80","1,828.60","1,825.80",1.74K,2.42%,,,
261,03/07/2020,"1,787.60","1,786.90","1,788.70","1,783.65",-,-2.05%,,,
262,02/07/2020,"1,825.00","1,799.00","1,821.30","1,798.80",0.17K,0.56%,,,
263,01/07/2020,"1,814.80","1,830.00","1,838.00","1,830.00",0.45K,-1.00%,,,
264,30/06/2020,"1,833.20","1,816.90","1,835.00","1,813.90",0.04K,1.14%,,,
265,29/06/2020,"1,812.60","1,816.50","1,816.50","1,811.20",0.09K,0.10%,,,
266,26/06/2020,"1,810.80","1,798.20","1,814.00","1,798.00",0.10K,0.55%,,,
267,25/06/2020,"1,800.90","1,800.00","1,800.00","1,800.00",0.05K,-0.23%,,,
268,24/06/2020,"1,805.10","1,806.50","1,806.50","1,806.50",0.30K,-0.25%,,,
269,23/06/2020,"1,809.70","1,803.00","1,803.00","1,803.00",0.26K,0.84%,,,
270,22/06/2020,"1,794.70","1,787.00","1,798.40","1,783.10",0.07K,0.71%,,,
271,19/06/2020,"1,782.10","1,767.00","1,786.90","1,761.80",0.52K,1.15%,,,
272,18/06/2020,"1,761.90","1,775.00","1,775.00","1,762.30",0.08K,-0.31%,,,
273,17/06/2020,"1,767.40","1,768.20","1,768.20","1,768.20",0.02K,-0.05%,,,
274,16/06/2020,"1,768.20","1,770.00","1,770.00","1,770.00",0.20K,0.55%,,,
275,15/06/2020,"1,758.50","1,770.30","1,770.30","1,760.00",0.02K,-0.54%,,,
276,12/06/2020,"1,768.10","1,780.40","1,780.50","1,780.40",0.56K,-0.18%,,,
277,11/06/2020,"1,771.30","1,784.10","1,786.40","1,762.30",0.81K,1.02%,,,
278,10/06/2020,"1,753.50","1,760.90","1,760.90","1,753.30",0.32K,-0.09%,,,
279,09/06/2020,"1,755.00","1,755.20","1,757.60","1,755.20",0.54K,0.95%,,,
280,08/06/2020,"1,738.50","1,739.40","1,739.40","1,739.40",0.05K,1.31%,,,
281,05/06/2020,"1,716.00","1,741.70","1,741.70","1,704.60",0.11K,-2.46%,,,
282,04/06/2020,"1,759.30","1,747.60","1,752.00","1,747.60",0.16K,1.53%,,,
283,03/06/2020,"1,732.80","1,760.00","1,760.00","1,727.50",0.45K,-1.52%,,,
284,02/06/2020,"1,759.60","1,774.50","1,775.30","1,774.50",0.11K,-0.79%,,,
285,01/06/2020,"1,773.70","1,775.50","1,775.50","1,772.80",0.06K,-0.01%,,,
286,29/05/2020,"1,773.80","1,748.20","1,771.50","1,748.20",0.11K,1.34%,,,
287,28/05/2020,"1,750.30","1,748.80","1,757.30","1,748.80",0.18K,0.20%,,,
288,27/05/2020,"1,746.80","1,725.00","1,727.40","1,722.50",0.01K,0.05%,,,
289,26/05/2020,"1,745.90","1,762.90","1,764.00","1,762.90",0.08K,1.09%,,,
290,25/05/2020,"1,727.00","1,730.55","1,731.35","1,719.25",-,-0.21%,,,
291,24/05/2020,"1,730.65","1,735.45","1,735.90","1,729.80",-,-2.27%,,,
292,22/05/2020,"1,770.80","1,773.50","1,773.50","1,771.90",0.47K,0.82%,,,
293,21/05/2020,"1,756.40","1,780.10","1,780.10","1,753.60",0.15K,-1.78%,,,
294,20/05/2020,"1,788.20","1,784.00","1,791.20","1,784.00",0.08K,0.44%,,,
295,19/05/2020,"1,780.40","1,784.20","1,784.20","1,784.20",0.00K,0.71%,,,
296,18/05/2020,"1,767.90","1,795.40","1,795.40","1,795.40",0.14K,-1.02%,,,
297,15/05/2020,"1,786.20","1,776.20","1,781.50","1,776.20",0.45K,0.86%,,,
298,14/05/2020,"1,770.90","1,747.10","1,747.10","1,747.10",0.00K,1.36%,,,
299,13/05/2020,"1,747.10","1,729.10","1,750.30","1,729.10",0.01K,0.49%,,,
300,12/05/2020,"1,738.50","1,733.20","1,734.50","1,731.90",0.01K,0.40%,,,
301,11/05/2020,"1,731.50","1,727.70","1,734.20","1,714.20",0.05K,-0.96%,,,
302,08/05/2020,"1,748.30","1,747.80","1,747.80","1,747.80",0.00K,-0.53%,,,
303,07/05/2020,"1,757.60","1,718.90","1,722.80","1,718.50",0.05K,2.28%,,,
304,06/05/2020,"1,718.40","1,728.40","1,728.40","1,713.00",0.01K,-1.27%,,,
305,05/05/2020,"1,740.50","1,725.80","1,739.10","1,725.80",0.40K,0.16%,,,
306,04/05/2020,"1,737.70","1,729.10","1,729.10","1,725.70",0.03K,1.16%,,,
307,01/05/2020,"1,717.80","1,720.10","1,720.10","1,720.10",0.01K,0.46%,,,
308,30/04/2020,"1,709.90","1,706.40","1,706.40","1,706.40",0.05K,-0.99%,,,
309,29/04/2020,"1,727.00","1,727.60","1,744.10","1,727.60",0.01K,-0.48%,,,
310,28/04/2020,"1,735.40","1,731.80","1,740.00","1,712.70",3.06K,-0.01%,,,
311,27/04/2020,"1,735.50","1,746.70","1,753.00","1,726.80",0.13K,-0.58%,,,
312,24/04/2020,"1,745.60","1,759.00","1,759.00","1,745.00",0.00K,-0.51%,,,
313,23/04/2020,"1,754.50","1,753.10","1,762.20","1,753.10",0.00K,0.46%,,,
314,22/04/2020,"1,746.50","1,709.50","1,709.50","1,709.50",0.01K,3.04%,,,
315,21/04/2020,"1,694.90","1,722.20","1,722.20","1,679.60",0.08K,-1.34%,,,
316,20/04/2020,"1,718.00","1,715.60","1,715.60","1,715.60",0.00K,0.73%,,,
317,17/04/2020,"1,705.60","1,717.80","1,717.80","1,717.80",0.02K,-1.94%,,,
318,16/04/2020,"1,739.40","1,766.50","1,766.50","1,766.50",0.00K,-0.50%,,,
319,15/04/2020,"1,748.20","1,760.70","1,762.70","1,736.40",0.00K,-1.43%,,,
320,14/04/2020,"1,773.50","1,779.10","1,779.10","1,776.50",0.01K,0.50%,,,
321,13/04/2020,"1,764.60","1,732.50","1,758.00","1,732.50",0.03K,1.38%,,,
322,10/04/2020,"1,740.60","1,740.60","1,740.60","1,740.60",-,-0.84%,,,
323,09/04/2020,"1,755.40","1,747.50","1,747.50","1,747.50",0.00K,4.13%,,,
324,08/04/2020,"1,685.80","1,690.10","1,690.10","1,690.10",0.02K,0.02%,,,
325,07/04/2020,"1,685.40","1,688.80","1,688.80","1,688.80",0.02K,-0.62%,,,
326,06/04/2020,"1,696.00","1,685.30","1,688.60","1,685.30",0.00K,2.78%,,,
327,03/04/2020,"1,650.10","1,639.00","1,651.50","1,625.30",0.14K,0.45%,,,
328,02/04/2020,"1,642.70","1,636.40","1,636.40","1,636.40",0.29K,2.82%,,,
329,01/04/2020,"1,597.60","1,594.40","1,594.40","1,594.40",0.18K,-0.32%,,,
330,31/03/2020,"1,602.70","1,625.30","1,625.30","1,625.30",0.06K,-2.83%,,,
331,30/03/2020,"1,649.30","1,646.90","1,646.90","1,646.90",0.10K,-0.70%,,,
332,27/03/2020,"1,661.00","1,647.10","1,647.10","1,647.10",0.27K,-0.44%,,,
333,26/03/2020,"1,668.30","1,674.30","1,674.30","1,659.40",0.01K,1.79%,,,
334,25/03/2020,"1,639.00","1,650.90","1,656.60","1,650.50",0.06K,-1.81%,,,
335,24/03/2020,"1,669.20","1,594.60","1,653.50","1,594.60",0.03K,5.09%,,,
336,23/03/2020,"1,588.30","1,514.60","1,572.80","1,502.60",0.01K,5.79%,,,
337,20/03/2020,"1,501.40","1,515.80","1,515.80","1,515.80",0.01K,0.28%,,,
338,19/03/2020,"1,497.20","1,496.60","1,508.00","1,476.90",0.01K,0.17%,,,
339,18/03/2020,"1,494.60","1,520.60","1,520.60","1,502.30",0.32K,-3.02%,,,
340,17/03/2020,"1,541.10","1,504.50","1,561.50","1,476.30",0.01K,2.74%,,,
341,16/03/2020,"1,500.00","1,485.00","1,503.00","1,485.00",0.01K,-2.10%,,,
342,13/03/2020,"1,532.20","1,591.00","1,591.00","1,529.30",0.10K,-4.62%,,,
343,12/03/2020,"1,606.50","1,654.30","1,654.30","1,581.50",0.01K,-3.12%,,,
344,11/03/2020,"1,658.30","1,670.00","1,670.00","1,653.10",0.03K,-1.09%,,,
345,10/03/2020,"1,676.60","1,675.90","1,675.90","1,662.10",0.19K,-0.88%,,,
346,09/03/2020,"1,691.50","1,709.90","1,710.10","1,672.90",0.13K,-0.01%,,,
347,06/03/2020,"1,691.60","1,696.00","1,703.60","1,686.30",0.07K,0.07%,,,
348,05/03/2020,"1,690.50","1,655.70","1,671.00","1,655.20",0.18K,1.42%,,,
349,04/03/2020,"1,666.90","1,664.20","1,664.50","1,664.20",0.22K,-0.19%,,,
350,03/03/2020,"1,670.00","1,606.50","1,663.80","1,606.50",0.06K,3.05%,,,
351,02/03/2020,"1,620.60","1,602.50","1,624.30","1,600.20",0.25K,1.50%,,,
352,28/02/2020,"1,596.60","1,595.20","1,617.80","1,595.20",0.56K,-4.76%,,,
353,27/02/2020,"1,676.40","1,679.00","1,684.40","1,670.00",0.01K,-0.11%,,,
354,26/02/2020,"1,678.20","1,677.60","1,677.60","1,677.60",0.02K,-0.49%,,,
355,25/02/2020,"1,686.40","1,681.00","1,683.60","1,681.00",0.54K,-1.58%,,,
356,24/02/2020,"1,713.50","1,707.40","1,707.40","1,707.40",0.02K,1.61%,,,
357,21/02/2020,"1,686.30","1,672.30","1,678.10","1,672.30",0.08K,1.71%,,,
358,20/02/2020,"1,658.00","1,641.40","1,651.90","1,641.40",0.12K,0.52%,,,
359,19/02/2020,"1,649.50","1,639.80","1,641.40","1,636.20",0.04K,0.51%,,,
360,18/02/2020,"1,641.10","1,617.30","1,634.80","1,617.30",0.07K,3.41%,,,
361,17/02/2020,"1,587.05","1,586.15","1,588.45","1,581.85",-,0.05%,,,
362,16/02/2020,"1,586.25","1,585.50","1,586.25","1,583.45",-,-2.33%,,,
363,14/02/2020,"1,624.10","1,601.00","1,608.40","1,597.30",0.03K,0.44%,,,
364,13/02/2020,"1,617.00","1,607.90","1,608.10","1,607.90",0.00K,0.45%,,,
365,12/02/2020,"1,609.80","1,590.80","1,593.90","1,587.50",2.05K,0.06%,,,
366,11/02/2020,"1,608.80","1,606.70","1,606.90","1,606.70",0.00K,-0.58%,,,
367,10/02/2020,"1,618.20","1,606.70","1,606.70","1,606.70",0.00K,0.33%,,,
368,07/02/2020,"1,612.80","1,591.00","1,598.30","1,588.40",0.00K,0.21%,,,
369,06/02/2020,"1,609.50","1,580.70","1,592.40","1,579.30",0.07K,0.46%,,,
370,05/02/2020,"1,602.20","1,579.40","1,587.00","1,573.00",2.05K,0.45%,,,
371,04/02/2020,"1,595.00","1,602.30","1,602.30","1,576.00",0.03K,-1.60%,,,
372,03/02/2020,"1,621.00","1,606.00","1,606.00","1,606.00",0.00K,-0.31%,,,
373,31/01/2020,"1,626.10","1,599.70","1,615.30","1,597.70",0.00K,-0.07%,,,
374,30/01/2020,"1,627.30","1,601.60","1,612.00","1,599.00",0.03K,0.79%,,,
375,29/01/2020,"1,614.50","1,594.50","1,603.60","1,589.30",0.03K,0.08%,,,
376,28/01/2020,"1,613.20","1,606.70","1,607.10","1,593.40",10.91K,-0.47%,,,
377,27/01/2020,"1,620.80","1,616.80","1,617.80","1,616.80",0.00K,0.33%,,,
378,24/01/2020,"1,615.40","1,595.00","1,609.50","1,595.00",0.05K,0.44%,,,
379,23/01/2020,"1,608.30","1,585.00","1,593.50","1,580.10",1.75K,0.54%,,,
380,22/01/2020,"1,599.70","1,583.10","1,585.50","1,577.60",0.07K,-0.08%,,,
381,21/01/2020,"1,601.00","1,595.00","1,595.00","1,595.00",0.00K,2.55%,,,
382,20/01/2020,"1,561.25","1,557.20","1,562.70","1,556.65",-,0.27%,,,
383,19/01/2020,"1,557.05","1,557.40","1,559.05","1,556.45",-,-2.89%,,,
384,17/01/2020,"1,603.40","1,578.60","1,588.00","1,577.10",1.54K,0.65%,,,
385,16/01/2020,"1,593.00","1,580.40","1,583.40","1,575.00",0.03K,-0.23%,,,
386,15/01/2020,"1,596.60","1,587.80","1,587.80","1,587.80",0.00K,0.57%,,,
387,14/01/2020,"1,587.50","1,573.20","1,573.90","1,563.40",1.76K,-0.39%,,,
388,13/01/2020,"1,593.70","1,586.80","1,586.80","1,574.90",2.70K,-0.60%,,,
389,10/01/2020,"1,603.30","1,577.60","1,589.60","1,574.10",0.11K,0.34%,,,
390,09/01/2020,"1,597.80","1,583.00","1,587.50","1,570.20",1.43K,-0.37%,,,
391,08/01/2020,"1,603.80","1,612.60","1,638.40","1,612.60",0.02K,-0.92%,,,
392,07/01/2020,"1,618.70","1,602.60","1,602.60","1,602.60",0.07K,0.33%,,,
393,06/01/2020,"1,613.30","1,608.20","1,612.40","1,600.30",0.01K,1.06%,,,
394,03/01/2020,"1,596.40","1,591.00","1,592.10","1,588.60",0.41K,1.55%,,,
395,02/01/2020,"1,572.10","1,548.70","1,559.50","1,548.20",1.25K,3.36%,,,
396,01/01/2020,"1,520.95","1,520.85","1,523.95","1,520.85",-,-2.98%,,,
397,31/12/2019,"1,567.60","1,546.70","1,555.00","1,546.40",0.67K,0.34%,,,
398,30/12/2019,"1,562.30","1,543.90","1,545.50","1,540.10",0.46K,0.07%,,,
399,27/12/2019,"1,561.20","1,540.70","1,545.00","1,540.00",0.29K,0.26%,,,
400,26/12/2019,"1,557.10","1,544.20","1,544.20","1,544.20",0.00K,3.53%,,,
401,25/12/2019,"1,504.05","1,504.40","1,504.40","1,502.15",-,-2.80%,,,
402,24/12/2019,"1,547.30","1,518.60","1,530.10","1,518.60",0.45K,1.05%,,,
403,23/12/2019,"1,531.20","1,510.70","1,514.90","1,510.70",0.39K,0.53%,,,
404,20/12/2019,"1,523.10","1,515.80","1,515.80","1,515.80",0.00K,-0.23%,,,
405,19/12/2019,"1,526.60","1,505.40","1,510.40","1,503.50",0.57K,0.37%,,,
406,18/12/2019,"1,521.00","1,506.40","1,508.50","1,501.70",1.56K,-0.16%,,,
407,17/12/2019,"1,523.50","1,505.80","1,510.00","1,505.00",0.21K,0.02%,,,
408,16/12/2019,"1,523.20","1,505.40","1,509.40","1,503.90",0.42K,0.01%,,,
409,13/12/2019,"1,523.00","1,493.00","1,507.90","1,493.00",0.47K,0.62%,,,
410,12/12/2019,"1,513.60","1,511.20","1,514.00","1,494.10",0.17K,-0.15%,,,
411,11/12/2019,"1,515.80","1,500.00","1,507.00","1,497.50",0.14K,0.46%,,,
412,10/12/2019,"1,508.90","1,490.60","1,496.00","1,489.70",0.14K,0.22%,,,
413,09/12/2019,"1,505.60","1,493.20","1,493.20","1,489.40",0.30K,0.09%,,,
414,06/12/2019,"1,504.20","1,509.60","1,509.60","1,497.20",0.01K,-1.15%,,,
415,05/12/2019,"1,521.70","1,513.80","1,513.80","1,513.80",0.00K,0.20%,,,
416,04/12/2019,"1,518.70","1,515.90","1,515.90","1,515.90",0.00K,-0.27%,,,
417,03/12/2019,"1,522.80","1,491.10","1,510.30","1,491.10",0.45K,1.03%,,,
418,02/12/2019,"1,507.30","1,494.00","1,495.30","1,485.00",0.17K,-0.23%,,,
419,29/11/2019,"1,510.70","1,488.00","1,495.40","1,484.20",0.19K,3.31%,,,
420,28/11/2019,"1,462.25","1,463.25","1,464.55","1,460.75",-,-2.42%,,,
421,27/11/2019,"1,498.50","1,489.20","1,490.20","1,483.90",0.22K,-0.41%,,,
422,26/11/2019,"1,504.70","1,484.30","1,492.00","1,481.00",0.31K,0.19%,,,
423,25/11/2019,"1,501.80","1,490.90","1,492.00","1,485.20",0.94K,-0.41%,,,
424,22/11/2019,"1,508.00","1,497.70","1,502.30","1,492.00",0.70K,0.03%,,,
425,21/11/2019,"1,507.60","1,505.50","1,505.70","1,494.00",0.49K,-0.69%,,,
426,20/11/2019,"1,518.10","1,505.50","1,509.20","1,498.00",0.69K,-0.07%,,,
427,19/11/2019,"1,519.20","1,511.50","1,511.50","1,511.50",0.00K,0.15%,,,
428,18/11/2019,"1,516.90","1,498.40","1,502.80","1,488.80",0.82K,0.22%,,,
429,15/11/2019,"1,513.60","1,496.30","1,499.90","1,495.90",0.07K,-0.32%,,,
430,14/11/2019,"1,518.50","1,495.10","1,504.70","1,494.80",0.84K,0.66%,,,
431,13/11/2019,"1,508.50","1,489.90","1,498.10","1,489.90",0.74K,0.66%,,,
432,12/11/2019,"1,498.60","1,487.80","1,488.50","1,480.00",0.93K,-0.25%,,,
433,11/11/2019,"1,502.30","1,494.00","1,494.00","1,480.10",0.73K,-0.54%,,,
434,08/11/2019,"1,510.40","1,500.50","1,503.00","1,488.80",0.35K,-0.09%,,,
435,07/11/2019,"1,511.70","1,510.00","1,510.00","1,510.00",0.00K,-1.67%,,,
436,06/11/2019,"1,537.40","1,534.70","1,534.70","1,534.70",0.00K,0.62%,,,
437,05/11/2019,"1,528.00","1,522.80","1,522.80","1,522.80",0.00K,-1.72%,,,
438,04/11/2019,"1,554.80","1,544.80","1,544.80","1,541.00",0.83K,0.03%,,,
439,01/11/2019,"1,554.40","1,542.10","1,545.00","1,538.00",0.20K,-0.16%,,,
440,31/10/2019,"1,556.90","1,527.00","1,545.00","1,527.00",0.17K,1.14%,,,
441,30/10/2019,"1,539.40","1,520.80","1,526.50","1,513.20",1.90K,0.38%,,,
442,29/10/2019,"1,533.50","1,524.20","1,524.20","1,515.50",0.22K,-0.34%,,,
443,28/10/2019,"1,538.70","1,552.00","1,552.00","1,552.00",0.00K,-0.58%,,,
444,25/10/2019,"1,547.70","1,548.80","1,556.70","1,548.80",0.00K,0.10%,,,
445,24/10/2019,"1,546.20","1,524.30","1,534.70","1,522.00",0.28K,0.59%,,,
446,23/10/2019,"1,537.10","1,522.00","1,526.10","1,522.00",0.03K,0.54%,,,
447,22/10/2019,"1,528.80","1,517.30","1,519.00","1,515.00",0.01K,-0.03%,,,
448,21/10/2019,"1,529.30","1,524.90","1,524.90","1,515.00",0.11K,-0.37%,,,
449,18/10/2019,"1,535.00","1,526.10","1,526.10","1,519.50",0.16K,-0.31%,,,
450,17/10/2019,"1,539.80","1,519.90","1,527.60","1,519.90",0.21K,0.29%,,,
451,16/10/2019,"1,535.40","1,515.50","1,522.20","1,510.00",0.20K,0.68%,,,
452,15/10/2019,"1,525.10","1,522.90","1,524.50","1,513.00",0.23K,-0.91%,,,
453,14/10/2019,"1,539.10","1,529.00","1,530.00","1,524.40",0.03K,0.61%,,,
454,11/10/2019,"1,529.80","1,533.70","1,534.60","1,508.00",1.04K,-0.72%,,,
455,10/10/2019,"1,540.90","1,548.00","1,548.00","1,526.00",0.13K,-0.73%,,,
456,09/10/2019,"1,552.30","1,539.70","1,543.00","1,535.00",0.43K,0.60%,,,
457,08/10/2019,"1,543.10","1,524.20","1,540.00","1,522.60",0.43K,-0.04%,,,
458,07/10/2019,"1,543.70","1,538.90","1,538.90","1,522.20",0.16K,-0.53%,,,
459,04/10/2019,"1,551.90","1,541.30","1,541.30","1,530.20",0.07K,-0.04%,,,
460,03/10/2019,"1,552.50","1,536.80","1,551.80","1,535.20",0.00K,0.23%,,,
461,02/10/2019,"1,549.00","1,512.80","1,536.30","1,509.90",0.00K,1.23%,,,
462,01/10/2019,"1,530.20","1,502.60","1,520.00","1,499.00",0.00K,1.04%,,,
463,30/09/2019,"1,514.50","1,533.00","1,533.00","1,500.10",0.51K,-2.18%,,,
464,27/09/2019,"1,548.30","1,538.30","1,538.30","1,525.70",0.17K,-0.26%,,,
465,26/09/2019,"1,552.30","1,538.90","1,547.00","1,538.00",0.25K,0.19%,,,
466,25/09/2019,"1,549.30","1,572.00","1,572.00","1,539.10",0.25K,-1.78%,,,
467,24/09/2019,"1,577.40","1,560.10","1,573.00","1,554.90",0.51K,0.54%,,,
468,23/09/2019,"1,568.90","1,556.60","1,562.50","1,556.60",0.02K,1.05%,,,
469,20/09/2019,"1,552.60","1,537.80","1,553.50","1,537.80",0.10K,0.61%,,,
470,19/09/2019,"1,543.20","1,528.80","1,540.40","1,528.80",0.16K,-0.62%,,,
471,18/09/2019,"1,552.90","1,538.90","1,549.00","1,530.40",0.50K,0.13%,,,
472,17/09/2019,"1,550.90","1,538.80","1,542.30","1,538.80",0.01K,0.12%,,,
473,16/09/2019,"1,549.10","1,542.60","1,546.50","1,536.40",0.69K,0.77%,,,
474,13/09/2019,"1,537.30","1,543.40","1,543.40","1,525.60",0.18K,-0.44%,,,
475,12/09/2019,"1,544.10","1,530.40","1,558.60","1,530.40",0.41K,0.38%,,,
476,11/09/2019,"1,538.30","1,528.80","1,534.40","1,528.80",0.04K,0.28%,,,
477,10/09/2019,"1,534.00","1,531.90","1,532.60","1,524.90",0.16K,-0.74%,,,
478,09/09/2019,"1,545.50","1,540.10","1,546.60","1,534.10",0.24K,-0.24%,,,
479,06/09/2019,"1,549.20","1,551.00","1,559.90","1,539.20",0.06K,-0.62%,,,
480,05/09/2019,"1,558.80","1,579.50","1,584.10","1,544.90",0.10K,-2.17%,,,
481,04/09/2019,"1,593.30","1,582.70","1,590.70","1,572.00",0.03K,0.26%,,,
482,03/09/2019,"1,589.10","1,562.80","1,583.90","1,561.20",0.24K,3.51%,,,
483,02/09/2019,"1,535.15","1,537.95","1,540.05","1,528.15",-,-0.19%,,,
484,01/09/2019,"1,538.05","1,535.25","1,542.90","1,535.25",-,-1.60%,,,
485,30/08/2019,"1,563.10","1,564.10","1,566.90","1,555.00",0.45K,-0.43%,,,
486,29/08/2019,"1,569.90","1,571.90","1,578.80","1,562.00",0.25K,-0.71%,,,
487,28/08/2019,"1,581.20","1,572.30","1,578.00","1,571.60",0.24K,-0.21%,,,
488,27/08/2019,"1,584.50","1,566.20","1,579.30","1,564.60",0.17K,0.94%,,,
489,26/08/2019,"1,569.80","1,584.50","1,584.50","1,563.20",0.07K,-0.03%,,,
490,23/08/2019,"1,570.20","1,539.00","1,563.50","1,537.30",0.26K,1.89%,,,
491,22/08/2019,"1,541.10","1,534.30","1,538.80","1,530.50",0.25K,-0.46%,,,
492,21/08/2019,"1,548.20","1,532.70","1,540.60","1,532.70",0.56K,0.01%,,,
493,20/08/2019,"1,548.00","1,530.20","1,540.70","1,530.20",0.17K,0.26%,,,
494,19/08/2019,"1,544.00","1,543.90","1,543.90","1,531.00",0.35K,-0.78%,,,
495,16/08/2019,"1,556.20","1,557.40","1,557.70","1,541.30",0.16K,-0.48%,,,
496,15/08/2019,"1,563.70","1,553.00","1,561.20","1,546.00",0.29K,0.17%,,,
497,14/08/2019,"1,561.00","1,538.50","1,553.10","1,532.60",0.24K,0.86%,,,
498,13/08/2019,"1,547.70","1,556.20","1,571.70","1,523.10",0.07K,-0.15%,,,
499,12/08/2019,"1,550.00","1,536.00","1,550.10","1,526.40",0.16K,0.55%,,,
500,09/08/2019,"1,541.50","1,542.80","1,543.80","1,535.00",0.09K,-0.03%,,,
501,08/08/2019,"1,542.00","1,533.00","1,542.10","1,532.60",0.06K,-0.62%,,,
502,07/08/2019,"1,551.60","1,510.60","1,547.70","1,510.60",0.11K,2.30%,,,
503,06/08/2019,"1,516.70","1,507.20","1,511.10","1,498.60",0.14K,0.47%,,,
504,05/08/2019,"1,509.60","1,487.40","1,505.00","1,487.40",0.07K,1.16%,,,
505,02/08/2019,"1,492.30","1,476.20","1,476.20","1,476.20",0.08K,1.62%,,,
506,01/08/2019,"1,468.50","1,450.80","1,485.60","1,443.30",0.15K,-0.33%,,,
507,31/07/2019,"1,473.30","1,460.50","1,469.60","1,452.90",0.13K,-0.27%,,,
508,30/07/2019,"1,477.30","1,469.00","1,472.40","1,469.00",0.02K,0.60%,,,
509,29/07/2019,"1,468.50","1,461.70","1,461.70","1,461.70",1.05K,0.09%,,,
510,26/07/2019,"1,467.20","1,460.40","1,460.40","1,460.40",0.56K,0.41%,,,
511,25/07/2019,"1,461.20","1,465.10","1,468.00","1,456.10",0.81K,-0.58%,,,
512,24/07/2019,"1,469.70","1,467.20","1,467.20","1,467.20",0.04K,0.14%,,,
513,23/07/2019,"1,467.60","1,458.60","1,459.60","1,458.60",0.25K,-0.35%,,,
514,22/07/2019,"1,472.80","1,466.00","1,466.00","1,466.00",0.61K,0.03%,,,
515,19/07/2019,"1,472.30","1,483.30","1,487.40","1,461.50",0.02K,-0.12%,,,
516,18/07/2019,"1,474.00","1,464.40","1,488.50","1,459.40",0.02K,0.32%,,,
517,17/07/2019,"1,469.30","1,455.00","1,467.30","1,455.00",0.02K,0.87%,,,
518,16/07/2019,"1,456.60","1,453.40","1,453.40","1,453.40",0.02K,-0.12%,,,
519,15/07/2019,"1,458.40","1,452.30","1,452.30","1,452.30",0.99K,0.10%,,,
520,12/07/2019,"1,457.00","1,450.90","1,450.90","1,450.90",0.05K,0.39%,,,
521,11/07/2019,"1,451.40","1,461.40","1,467.20","1,461.40",0.01K,-0.36%,,,
522,10/07/2019,"1,456.60","1,450.50","1,450.50","1,450.50",0.07K,0.84%,,,
523,09/07/2019,"1,444.40","1,430.60","1,430.80","1,430.60",0.02K,0.07%,,,
524,08/07/2019,"1,443.40","1,436.90","1,436.90","1,436.90",0.05K,0.05%,,,
525,05/07/2019,"1,442.70","1,428.00","1,433.00","1,428.00",0.02K,1.35%,,,
526,04/07/2019,"1,423.55","1,421.25","1,426.65","1,412.85",-,-2.64%,,,
527,03/07/2019,"1,462.10","1,465.50","1,465.50","1,461.90",0.00K,0.91%,,,
528,02/07/2019,"1,448.90","1,428.60","1,428.60","1,428.60",0.07K,1.34%,,,
529,01/07/2019,"1,429.70","1,444.00","1,444.00","1,424.40",0.01K,-1.60%,,,
530,28/06/2019,"1,452.90","1,451.00","1,451.00","1,445.70",0.06K,0.16%,,,
531,27/06/2019,"1,450.60","1,444.50","1,444.50","1,444.50",0.06K,-0.23%,,,
532,26/06/2019,"1,453.90","1,441.90","1,445.40","1,440.50",0.04K,-0.24%,,,
533,25/06/2019,"1,457.40","1,461.30","1,473.90","1,448.70",0.09K,0.03%,,,
534,24/06/2019,"1,457.00","1,439.10","1,449.60","1,439.00",0.01K,1.25%,,,
535,21/06/2019,"1,439.00","1,444.00","1,444.00","1,419.60",0.02K,0.21%,,,
536,20/06/2019,"1,436.00","1,419.10","1,428.70","1,417.40",0.41K,3.22%,,,
537,19/06/2019,"1,391.20","1,382.10","1,382.10","1,382.10",0.09K,-0.26%,,,
538,18/06/2019,"1,394.80","1,379.70","1,394.50","1,379.70",0.18K,0.56%,,,
539,17/06/2019,"1,387.00","1,379.70","1,384.20","1,379.70",0.02K,-0.14%,,,
540,14/06/2019,"1,388.90","1,389.20","1,389.20","1,379.80",0.04K,0.06%,,,
541,13/06/2019,"1,388.10","1,378.30","1,378.70","1,378.30",0.00K,0.50%,,,
542,12/06/2019,"1,381.20","1,373.80","1,373.80","1,373.80",0.01K,0.35%,,,
543,11/06/2019,"1,376.40","1,369.00","1,369.00","1,369.00",1.01K,0.15%,,,
544,10/06/2019,"1,374.30","1,378.00","1,378.00","1,367.00",0.01K,-1.08%,,,
545,07/06/2019,"1,389.30","1,388.50","1,388.50","1,382.40",0.05K,0.25%,,,
546,06/06/2019,"1,385.90","1,370.00","1,370.00","1,370.00",0.09K,0.60%,,,
547,05/06/2019,"1,377.60","1,376.60","1,376.60","1,368.80",0.16K,0.27%,,,
548,04/06/2019,"1,373.90","1,366.50","1,366.50","1,366.50",0.03K,0.07%,,,
549,03/06/2019,"1,372.90","1,356.50","1,356.50","1,356.50",0.07K,1.13%,,,
550,31/05/2019,"1,357.50","1,342.90","1,347.80","1,342.90",0.22K,1.20%,,,
551,30/05/2019,"1,341.40","1,332.40","1,332.40","1,332.40",0.33K,1.12%,,,
552,29/05/2019,"1,326.50","1,327.80","1,327.80","1,327.80",0.00K,0.24%,,,
553,28/05/2019,"1,323.30","1,322.60","1,322.60","1,322.60",0.12K,2.98%,,,
554,27/05/2019,"1,284.95","1,284.25","1,286.85","1,283.25",-,0.06%,,,
555,26/05/2019,"1,284.15","1,284.20","1,285.15","1,283.65",-,-3.45%,,,
556,24/05/2019,"1,330.10","1,329.20","1,329.20","1,329.20",0.00K,-0.13%,,,
557,23/05/2019,"1,331.80","1,328.40","1,328.40","1,328.40",0.00K,0.79%,,,
558,22/05/2019,"1,321.30","1,321.30","1,321.30","1,321.30",0.02K,0.09%,,,
559,21/05/2019,"1,320.10","1,320.10","1,320.10","1,320.10",0.10K,-0.31%,,,
560,20/05/2019,"1,324.20","1,324.20","1,324.20","1,324.20",0.08K,0.13%,,,
561,17/05/2019,"1,322.50","1,322.50","1,322.50","1,322.50",0.21K,-0.80%,,,
562,16/05/2019,"1,333.10","1,333.10","1,333.10","1,333.10",0.11K,-0.85%,,,
563,15/05/2019,"1,344.50","1,344.50","1,344.50","1,344.50",0.06K,0.08%,,,
564,14/05/2019,"1,343.40","1,343.40","1,343.40","1,343.40",0.20K,-0.50%,,,
565,13/05/2019,"1,350.20","1,350.20","1,350.20","1,350.20",0.12K,0.97%,,,
566,10/05/2019,"1,337.20","1,337.20","1,337.20","1,337.20",0.05K,0.16%,,,
567,09/05/2019,"1,335.10","1,335.10","1,335.10","1,335.10",0.04K,0.28%,,,
568,08/05/2019,"1,331.40","1,338.00","1,338.00","1,338.00",0.05K,-0.33%,,,
569,07/05/2019,"1,335.80","1,335.80","1,335.80","1,335.80",0.12K,0.13%,,,
570,06/05/2019,"1,334.00","1,334.00","1,334.00","1,334.00",0.01K,0.17%,,,
571,03/05/2019,"1,331.70","1,331.70","1,331.70","1,331.70",0.02K,0.72%,,,
572,02/05/2019,"1,322.20","1,323.00","1,323.00","1,323.00",0.00K,-0.90%,,,
573,01/05/2019,"1,334.20","1,334.20","1,334.20","1,334.20",0.26K,-0.11%,,,
574,30/04/2019,"1,335.70","1,335.70","1,335.70","1,335.70",0.21K,0.31%,,,
575,29/04/2019,"1,331.60","1,331.60","1,331.60","1,331.60",0.14K,-0.57%,,,
576,26/04/2019,"1,339.20","1,339.20","1,339.20","1,339.20",0.38K,0.68%,,,
577,25/04/2019,"1,330.20","1,330.20","1,330.20","1,330.20",0.00K,0.02%,,,
578,24/04/2019,"1,329.90","1,329.90","1,329.90","1,329.90",0.15K,0.46%,,,
579,23/04/2019,"1,323.80","1,323.80","1,323.80","1,323.80",0.01K,-0.35%,,,
580,22/04/2019,"1,328.50","1,328.50","1,328.50","1,328.50",0.00K,3.96%,,,
581,19/04/2019,"1,277.90","1,277.90","1,277.90","1,277.90",-,-3.69%,,,
582,18/04/2019,"1,326.90","1,326.90","1,326.90","1,326.90",0.08K,-0.05%,,,
583,17/04/2019,"1,327.60","1,327.60","1,327.60","1,327.60",0.06K,-0.04%,,,
584,16/04/2019,"1,328.10","1,329.10","1,329.10","1,329.00",0.05K,-1.07%,,,
585,15/04/2019,"1,342.40","1,342.40","1,342.40","1,342.40",0.02K,-0.29%,,,
586,12/04/2019,"1,346.30","1,346.30","1,346.30","1,346.30",0.23K,0.22%,,,
587,11/04/2019,"1,343.40","1,356.60","1,356.60","1,356.60",0.00K,-1.50%,,,
588,10/04/2019,"1,363.90","1,363.90","1,363.90","1,363.90",0.08K,0.40%,,,
589,09/04/2019,"1,358.40","1,358.40","1,358.40","1,358.40",0.00K,0.48%,,,
590,08/04/2019,"1,351.90","1,351.90","1,351.90","1,351.90",0.00K,0.50%,,,
591,05/04/2019,"1,345.20","1,345.20","1,345.20","1,345.20",0.05K,0.13%,,,
592,04/04/2019,"1,343.50","1,343.50","1,343.50","1,343.50",0.04K,-0.04%,,,
593,03/04/2019,"1,344.00","1,344.00","1,344.00","1,344.00",0.05K,0.01%,,,
594,02/04/2019,"1,343.90","1,340.80","1,343.20","1,340.80",0.00K,0.09%,,,
595,01/04/2019,"1,342.70","1,342.70","1,342.70","1,342.70",0.03K,-0.25%,,,
596,29/03/2019,"1,346.00","1,354.10","1,354.10","1,354.10",0.00K,0.27%,,,
597,28/03/2019,"1,342.40","1,348.00","1,348.00","1,342.20",0.01K,-1.57%,,,
598,27/03/2019,"1,363.80","1,363.80","1,363.80","1,363.80",0.04K,-0.40%,,,
599,26/03/2019,"1,369.30","1,369.30","1,369.30","1,369.30",0.01K,-0.64%,,,
600,25/03/2019,"1,378.10","1,378.10","1,378.10","1,378.10",0.10K,0.64%,,,
601,22/03/2019,"1,369.30","1,368.20","1,368.20","1,368.20",0.03K,0.35%,,,
602,21/03/2019,"1,364.50","1,364.50","1,364.50","1,364.50",0.12K,0.37%,,,
603,20/03/2019,"1,359.50","1,359.50","1,359.50","1,359.50",0.02K,-0.38%,,,
604,19/03/2019,"1,364.70","1,364.70","1,364.70","1,364.70",0.00K,0.39%,,,
605,18/03/2019,"1,359.40","1,359.40","1,359.40","1,359.40",0.01K,-0.09%,,,
606,15/03/2019,"1,360.60","1,360.60","1,360.60","1,360.60",0.01K,0.57%,,,
607,14/03/2019,"1,352.90","1,352.90","1,352.90","1,352.90",0.23K,-1.11%,,,
608,13/03/2019,"1,368.10","1,368.10","1,368.10","1,368.10",0.02K,0.85%,,,
609,12/03/2019,"1,356.60","1,356.60","1,356.60","1,356.60",0.08K,0.49%,,,
610,11/03/2019,"1,350.00","1,350.00","1,350.00","1,350.00",0.00K,-0.63%,,,
611,08/03/2019,"1,358.50","1,358.50","1,358.50","1,358.50",0.00K,1.01%,,,
612,07/03/2019,"1,344.90","1,344.90","1,344.90","1,344.90",0.04K,-0.12%,,,
613,06/03/2019,"1,346.50","1,346.50","1,346.50","1,346.50",0.00K,0.22%,,,
614,05/03/2019,"1,343.50","1,343.50","1,343.50","1,343.50",0.00K,-0.21%,,,
615,04/03/2019,"1,346.30","1,346.30","1,346.30","1,346.30",0.02K,-0.88%,,,
616,01/03/2019,"1,358.30","1,358.30","1,358.30","1,358.30",0.13K,-1.24%,,,
617,28/02/2019,"1,375.30","1,374.00","1,374.00","1,374.00",0.01K,-0.38%,,,
618,27/02/2019,"1,380.50","1,380.50","1,380.50","1,380.50",0.00K,-0.53%,,,
619,26/02/2019,"1,387.90","1,387.90","1,387.90","1,387.90",0.00K,-0.08%,,,
620,25/02/2019,"1,389.00","1,389.00","1,389.00","1,389.00",0.00K,-0.25%,,,
621,22/02/2019,"1,392.50","1,392.50","1,392.50","1,392.50",0.02K,0.38%,,,
622,21/02/2019,"1,387.20","1,388.00","1,388.00","1,388.00",0.03K,-1.39%,,,
623,20/02/2019,"1,406.70","1,406.70","1,406.70","1,406.70",0.15K,0.20%,,,
624,19/02/2019,"1,403.90","1,403.90","1,403.90","1,403.90",0.04K,5.59%,,,
625,18/02/2019,"1,329.55","1,324.35","1,330.75","1,324.05",-,0.40%,,,
626,17/02/2019,"1,324.25","1,324.65","1,324.95","1,323.85",-,-4.12%,,,
627,15/02/2019,"1,381.20","1,381.20","1,381.20","1,381.20",0.03K,0.58%,,,
628,14/02/2019,"1,373.20","1,373.20","1,373.20","1,373.20",0.07K,-0.10%,,,
629,13/02/2019,"1,374.60","1,374.60","1,374.60","1,374.60",0.05K,0.10%,,,
630,12/02/2019,"1,373.20","1,373.20","1,373.20","1,373.20",0.00K,0.15%,,,
631,11/02/2019,"1,371.20","1,371.20","1,371.20","1,371.20",0.03K,-0.48%,,,
632,08/02/2019,"1,377.80","1,377.80","1,377.80","1,377.80",0.05K,0.31%,,,
633,07/02/2019,"1,373.60","1,373.60","1,373.60","1,373.60",0.00K,-0.01%,,,
634,06/02/2019,"1,373.80","1,373.80","1,373.80","1,373.80",0.00K,-0.35%,,,
635,05/02/2019,"1,378.60","1,378.60","1,378.60","1,378.60",0.04K,0.02%,,,
636,04/02/2019,"1,378.30","1,378.30","1,378.30","1,378.30",0.00K,-0.20%,,,
637,01/02/2019,"1,381.10","1,382.60","1,382.60","1,382.60",0.01K,-0.21%,,,
638,31/01/2019,"1,384.00","1,384.00","1,384.00","1,384.00",0.08K,0.59%,,,
639,30/01/2019,"1,375.90","1,377.60","1,377.60","1,377.60",0.06K,0.02%,,,
640,29/01/2019,"1,375.60","1,375.60","1,375.60","1,375.60",0.20K,0.42%,,,
641,28/01/2019,"1,369.80","1,369.80","1,369.80","1,369.80",0.00K,0.43%,,,
642,25/01/2019,"1,364.00","1,360.00","1,360.00","1,360.00",0.01K,1.42%,,,
643,24/01/2019,"1,344.90","1,344.90","1,344.90","1,344.90",0.05K,-0.33%,,,
644,23/01/2019,"1,349.30","1,349.30","1,349.30","1,349.30",0.02K,0.07%,,,
645,22/01/2019,"1,348.40","1,348.40","1,348.40","1,348.40",0.15K,5.42%,,,
646,21/01/2019,"1,279.05","1,281.95","1,282.95","1,276.15",-,-0.23%,,,
647,20/01/2019,"1,282.05","1,281.30","1,282.70","1,280.50",-,-4.90%,,,
648,18/01/2019,"1,348.10","1,348.10","1,348.10","1,348.10",0.00K,-0.72%,,,
649,17/01/2019,"1,357.90","1,357.90","1,357.90","1,357.90",0.03K,-0.10%,,,
650,16/01/2019,"1,359.30","1,359.30","1,359.30","1,359.30",0.00K,0.41%,,,
651,15/01/2019,"1,353.70","1,353.70","1,353.70","1,353.70",0.01K,-0.26%,,,
652,14/01/2019,"1,357.20","1,357.20","1,357.20","1,357.20",0.40K,0.13%,,,
653,11/01/2019,"1,355.40","1,355.40","1,355.40","1,355.40",0.05K,0.18%,,,
654,10/01/2019,"1,353.00","1,353.00","1,353.00","1,353.00",0.55K,-0.32%,,,
655,09/01/2019,"1,357.30","1,357.30","1,357.30","1,357.30",0.10K,0.46%,,,
656,08/01/2019,"1,351.10","1,351.10","1,351.10","1,351.10",0.00K,-0.30%,,,
657,07/01/2019,"1,355.20","1,355.20","1,355.20","1,355.20",0.01K,0.31%,,,
658,04/01/2019,"1,351.00","1,351.80","1,351.80","1,351.80",0.00K,-0.65%,,,
659,03/01/2019,"1,359.80","1,359.80","1,359.80","1,359.80",0.01K,0.76%,,,
660,02/01/2019,"1,349.50","1,349.50","1,349.50","1,349.50",0.10K,5.15%,,,
661,01/01/2019,"1,283.35","1,284.70","1,284.75","1,282.85",-,-4.73%,,,
662,31/12/2018,"1,347.10","1,347.10","1,347.10","1,347.10",0.05K,-0.09%,,,
663,28/12/2018,"1,348.30","1,348.30","1,348.30","1,348.30",0.08K,0.13%,,,
664,27/12/2018,"1,346.50","1,346.50","1,346.50","1,346.50",0.03K,0.61%,,,
665,26/12/2018,"1,338.30","1,343.00","1,343.00","1,343.00",0.00K,5.32%,,,
666,25/12/2018,"1,270.75","1,272.50","1,274.55","1,270.65",-,-4.96%,,,
667,24/12/2018,"1,337.00","1,337.00","1,337.00","1,337.00",0.03K,1.05%,,,
668,21/12/2018,"1,323.10","1,323.10","1,323.10","1,323.10",0.06K,-0.75%,,,
669,20/12/2018,"1,333.10","1,333.10","1,333.10","1,333.10",0.01K,0.89%,,,
670,19/12/2018,"1,321.30","1,321.30","1,321.30","1,321.30",0.27K,0.21%,,,
671,18/12/2018,"1,318.50","1,318.50","1,318.50","1,318.50",0.03K,0.08%,,,
672,17/12/2018,"1,317.40","1,317.40","1,317.40","1,317.40",0.01K,0.80%,,,
673,14/12/2018,"1,307.00","1,307.00","1,307.00","1,307.00",0.03K,-0.47%,,,
674,13/12/2018,"1,313.20","1,313.20","1,313.20","1,313.20",0.19K,-0.20%,,,
675,12/12/2018,"1,315.80","1,315.80","1,315.80","1,315.80",0.07K,0.22%,,,
676,11/12/2018,"1,312.90","1,312.90","1,312.90","1,312.90",0.00K,-0.14%,,,
677,10/12/2018,"1,314.80","1,314.80","1,314.80","1,314.80",0.09K,-0.36%,,,
678,07/12/2018,"1,319.50","1,319.50","1,319.50","1,319.50",0.00K,0.71%,,,
679,06/12/2018,"1,310.20","1,313.90","1,313.90","1,309.50",0.00K,0.05%,,,
680,05/12/2018,"1,309.60","1,309.60","1,309.60","1,309.60",0.00K,-0.30%,,,
681,04/12/2018,"1,313.60","1,313.60","1,313.60","1,313.60",0.02K,0.55%,,,
682,03/12/2018,"1,306.40","1,306.40","1,306.40","1,306.40",0.05K,1.06%,,,
683,30/11/2018,"1,292.70","1,289.70","1,289.70","1,289.70",0.00K,-0.33%,,,
684,29/11/2018,"1,297.00","1,297.00","1,297.00","1,297.00",0.00K,0.05%,,,
685,28/11/2018,"1,296.40","1,296.40","1,296.40","1,296.40",0.00K,0.77%,,,
686,27/11/2018,"1,286.50","1,286.50","1,286.50","1,286.50",0.01K,-0.72%,,,
687,26/11/2018,"1,295.80","1,295.80","1,295.80","1,295.80",0.00K,-0.02%,,,
688,23/11/2018,"1,296.10","1,296.10","1,296.10","1,296.10",0.06K,5.55%,,,
689,22/11/2018,"1,228.00","1,226.40","1,229.70","1,225.50",-,-5.60%,,,
690,21/11/2018,"1,300.80","1,300.80","1,300.80","1,300.80",0.34K,0.57%,,,
691,20/11/2018,"1,293.40","1,293.40","1,293.40","1,293.40",0.01K,-0.32%,,,
692,19/11/2018,"1,297.50","1,297.50","1,297.50","1,297.50",0.10K,0.20%,,,
693,16/11/2018,"1,294.90","1,294.90","1,294.90","1,294.90",0.00K,0.57%,,,
694,15/11/2018,"1,287.60","1,287.60","1,287.60","1,287.60",0.01K,0.34%,,,
695,14/11/2018,"1,283.20","1,283.20","1,283.20","1,283.20",0.33K,0.67%,,,
696,13/11/2018,"1,274.70","1,274.70","1,274.70","1,274.70",0.01K,-0.16%,,,
697,12/11/2018,"1,276.80","1,276.80","1,276.80","1,276.80",0.03K,-0.42%,,,
698,09/11/2018,"1,282.20","1,282.20","1,282.20","1,282.20",0.08K,-1.32%,,,
699,08/11/2018,"1,299.30","1,299.30","1,299.30","1,299.30",0.00K,-0.27%,,,
700,07/11/2018,"1,302.80","1,302.80","1,302.80","1,302.80",0.00K,0.18%,,,
701,06/11/2018,"1,300.40","1,300.40","1,300.40","1,300.40",0.01K,-0.46%,,,
702,05/11/2018,"1,306.40","1,306.40","1,306.40","1,306.40",0.05K,-0.07%,,,
703,02/11/2018,"1,307.30","1,307.30","1,307.30","1,307.30",0.00K,-0.37%,,,
704,01/11/2018,"1,312.20","1,312.20","1,312.20","1,312.20",0.01K,1.86%,,,
705,31/10/2018,"1,288.20","1,291.10","1,291.10","1,291.10",0.00K,-0.82%,,,
706,30/10/2018,"1,298.90","1,296.70","1,296.70","1,296.70",0.00K,-0.17%,,,
707,29/10/2018,"1,301.10","1,301.10","1,301.10","1,301.10",0.00K,-0.66%,,,
708,26/10/2018,"1,309.70","1,309.70","1,309.70","1,309.70",0.05K,0.23%,,,
709,25/10/2018,"1,306.70","1,306.70","1,306.70","1,306.70",0.00K,0.09%,,,
710,24/10/2018,"1,305.50","1,305.50","1,305.50","1,305.50",0.01K,-0.50%,,,
711,23/10/2018,"1,312.00","1,312.00","1,312.00","1,312.00",0.03K,0.94%,,,
712,22/10/2018,"1,299.80","1,299.80","1,299.80","1,299.80",0.02K,-0.31%,,,
713,19/10/2018,"1,303.80","1,303.80","1,303.80","1,303.80",0.06K,-0.10%,,,
714,18/10/2018,"1,305.10","1,305.10","1,305.10","1,305.10",0.17K,0.25%,,,
715,17/10/2018,"1,301.90","1,301.90","1,301.90","1,301.90",0.01K,-0.30%,,,
716,16/10/2018,"1,305.80","1,305.80","1,305.80","1,305.80",0.05K,0.03%,,,
717,15/10/2018,"1,305.40","1,305.40","1,305.40","1,305.40",0.14K,0.70%,,,
718,12/10/2018,"1,296.30","1,296.30","1,296.30","1,296.30",0.12K,-0.46%,,,
719,11/10/2018,"1,302.30","1,271.20","1,271.20","1,271.20",0.00K,2.73%,,,
720,10/10/2018,"1,267.70","1,267.70","1,267.70","1,267.70",0.06K,0.15%,,,
721,09/10/2018,"1,265.80","1,265.80","1,265.80","1,265.80",0.01K,0.23%,,,
722,08/10/2018,"1,262.90","1,262.90","1,262.90","1,262.90",0.04K,-1.35%,,,
723,05/10/2018,"1,280.20","1,280.20","1,280.20","1,280.20",0.01K,0.37%,,,
724,04/10/2018,"1,275.50","1,275.50","1,275.50","1,275.50",0.00K,-0.09%,,,
725,03/10/2018,"1,276.70","1,276.70","1,276.70","1,276.70",0.08K,-0.31%,,,
726,02/10/2018,"1,280.70","1,280.70","1,280.70","1,280.70",0.00K,1.29%,,,
727,01/10/2018,"1,264.40","1,264.40","1,264.40","1,264.40",0.18K,-0.34%,,,
728,28/09/2018,"1,268.70","1,270.00","1,270.00","1,270.00",0.00K,0.71%,,,
729,27/09/2018,"1,259.80","1,260.00","1,260.00","1,260.00",0.00K,-0.94%,,,
730,26/09/2018,"1,271.80","1,271.80","1,271.80","1,271.80",0.00K,-0.50%,,,
731,25/09/2018,"1,278.20","1,278.20","1,278.20","1,278.20",0.02K,0.06%,,,
732,24/09/2018,"1,277.40","1,277.40","1,277.40","1,277.40",0.01K,0.24%,,,
733,21/09/2018,"1,274.30","1,274.30","1,274.30","1,274.30",0.04K,-0.79%,,,
734,20/09/2018,"1,284.40","1,284.40","1,284.40","1,284.40",0.01K,0.23%,,,
735,19/09/2018,"1,281.50","1,281.50","1,281.50","1,281.50",0.01K,0.45%,,,
736,18/09/2018,"1,275.70","1,275.70","1,275.70","1,275.70",0.03K,-0.21%,,,
737,17/09/2018,"1,278.40","1,278.40","1,278.40","1,278.40",0.04K,0.36%,,,
738,14/09/2018,"1,273.80","1,273.80","1,273.80","1,273.80",0.00K,-0.56%,,,
739,13/09/2018,"1,281.00","1,281.00","1,281.00","1,281.00",0.02K,-0.23%,,,
740,12/09/2018,"1,283.90","1,269.60","1,271.00","1,269.50",0.02K,0.75%,,,
741,11/09/2018,"1,274.40","1,274.40","1,274.40","1,274.40",0.02K,0.22%,,,
742,10/09/2018,"1,271.60","1,271.60","1,271.60","1,271.60",0.01K,-0.04%,,,
743,07/09/2018,"1,272.10","1,272.10","1,272.10","1,272.10",0.00K,-0.28%,,,
744,06/09/2018,"1,275.70","1,275.70","1,275.70","1,275.70",0.00K,0.24%,,,
745,05/09/2018,"1,272.60","1,266.10","1,271.90","1,266.10",0.01K,0.19%,,,
746,04/09/2018,"1,270.20","1,270.20","1,270.20","1,270.20",0.03K,5.30%,,,
747,03/09/2018,"1,206.30","1,204.90","1,209.60","1,201.30",-,0.12%,,,
748,02/09/2018,"1,204.90","1,206.20","1,206.60","1,204.50",-,-5.70%,,,
749,31/08/2018,"1,277.70","1,277.70","1,277.70","1,277.70",0.03K,0.13%,,,
750,30/08/2018,"1,276.10","1,276.10","1,276.10","1,276.10",0.01K,-0.56%,,,
751,29/08/2018,"1,283.30","1,283.30","1,283.30","1,283.30",0.03K,-0.24%,,,
752,28/08/2018,"1,286.40","1,286.40","1,286.40","1,286.40",0.14K,-0.12%,,,
753,27/08/2018,"1,288.00","1,288.00","1,288.00","1,288.00",0.15K,0.23%,,,
754,24/08/2018,"1,285.00","1,285.00","1,285.00","1,285.00",0.01K,1.56%,,,
755,23/08/2018,"1,265.20","1,265.20","1,265.20","1,265.20",0.00K,-0.83%,,,
756,22/08/2018,"1,275.80","1,280.20","1,280.20","1,278.20",0.00K,0.24%,,,
757,21/08/2018,"1,272.80","1,272.90","1,272.90","1,272.90",0.00K,0.42%,,,
758,20/08/2018,"1,267.50","1,266.00","1,266.00","1,266.00",0.00K,0.75%,,,
759,17/08/2018,"1,258.10","1,258.10","1,258.10","1,258.10",0.00K,0.01%,,,
760,16/08/2018,"1,258.00","1,258.00","1,258.00","1,258.00",0.04K,-0.13%,,,
761,15/08/2018,"1,259.70","1,265.80","1,265.80","1,265.80",0.00K,-1.27%,,,
762,14/08/2018,"1,275.90","1,273.40","1,273.40","1,273.40",0.00K,0.14%,,,
763,13/08/2018,"1,274.10","1,274.10","1,274.10","1,274.10",0.01K,-1.58%,,,
764,10/08/2018,"1,294.60","1,294.60","1,294.60","1,294.60",0.08K,-0.09%,,,
765,09/08/2018,"1,295.80","1,295.80","1,295.80","1,295.80",0.04K,-0.08%,,,
766,08/08/2018,"1,296.80","1,296.80","1,296.80","1,296.80",0.21K,0.20%,,,
767,07/08/2018,"1,294.20","1,294.20","1,294.20","1,294.20",0.72K,0.05%,,,
768,06/08/2018,"1,293.60","1,302.80","1,305.00","1,298.60",0.01K,-0.45%,,,
769,03/08/2018,"1,299.40","1,288.80","1,298.40","1,288.80",0.01K,0.25%,,,
770,02/08/2018,"1,296.20","1,308.00","1,308.00","1,308.00",0.00K,-0.60%,,,
771,01/08/2018,"1,304.00","1,304.00","1,304.00","1,304.00",1.03K,-0.44%,,,
772,31/07/2018,"1,309.80","1,309.80","1,309.80","1,309.80",2.72K,0.16%,,,
773,30/07/2018,"1,307.70","1,306.90","1,309.10","1,301.90",0.01K,-0.10%,,,
774,27/07/2018,"1,309.00","1,309.00","1,309.00","1,309.00",0.00K,-0.19%,,,
775,26/07/2018,"1,311.50","1,311.50","1,311.50","1,311.50",0.00K,-0.39%,,,
776,25/07/2018,"1,316.70","1,316.70","1,316.70","1,316.70",0.06K,0.45%,,,
777,24/07/2018,"1,310.80","1,310.80","1,310.80","1,310.80",0.04K,0.01%,,,
778,23/07/2018,"1,310.70","1,307.60","1,307.60","1,307.60",0.00K,-0.46%,,,
779,20/07/2018,"1,316.80","1,316.80","1,316.80","1,316.80",0.15K,0.49%,,,
780,19/07/2018,"1,310.40","1,302.00","1,302.00","1,302.00",0.08K,-0.35%,,,
781,18/07/2018,"1,315.00","1,315.00","1,315.00","1,315.00",0.00K,0.03%,,,
782,17/07/2018,"1,314.60","1,320.00","1,320.00","1,320.00",0.03K,-0.97%,,,
783,16/07/2018,"1,327.50","1,327.50","1,327.50","1,327.50",0.00K,-0.11%,,,
784,13/07/2018,"1,329.00","1,327.00","1,327.00","1,327.00",0.00K,-0.46%,,,
785,12/07/2018,"1,335.20","1,335.20","1,335.20","1,335.20",0.01K,0.16%,,,
786,11/07/2018,"1,333.10","1,333.10","1,333.10","1,333.10",0.03K,-0.88%,,,
787,10/07/2018,"1,344.90","1,344.90","1,344.90","1,344.90",0.07K,-0.29%,,,
788,09/07/2018,"1,348.80","1,348.80","1,348.80","1,348.80",0.04K,0.31%,,,
789,06/07/2018,"1,344.60","1,344.60","1,344.60","1,344.60",0.01K,-0.21%,,,
790,05/07/2018,"1,347.40","1,347.40","1,347.40","1,347.40",0.01K,7.10%,,,
791,04/07/2018,"1,258.10","1,256.20","1,262.40","1,255.30",-,-6.27%,,,
792,03/07/2018,"1,342.20","1,342.20","1,342.20","1,342.20",0.04K,0.94%,,,
793,02/07/2018,"1,329.70","1,329.70","1,329.70","1,329.70",0.03K,-1.04%,,,
794,29/06/2018,"1,343.70","1,343.70","1,343.70","1,343.70",0.05K,0.28%,,,
795,28/06/2018,"1,340.00","1,340.00","1,340.00","1,340.00",0.38K,-0.41%,,,
796,27/06/2018,"1,345.50","1,345.50","1,345.50","1,345.50",0.01K,-0.33%,,,
797,26/06/2018,"1,350.00","1,350.00","1,350.00","1,350.00",0.09K,-0.71%,,,
798,25/06/2018,"1,359.60","1,353.70","1,353.70","1,353.70",0.00K,-0.15%,,,
799,22/06/2018,"1,361.70","1,365.00","1,365.00","1,365.00",0.00K,0.02%,,,
800,21/06/2018,"1,361.40","1,360.00","1,360.00","1,360.00",0.00K,-0.31%,,,
801,20/06/2018,"1,365.70","1,376.80","1,376.80","1,376.80",0.00K,-0.28%,,,
802,19/06/2018,"1,369.60","1,369.60","1,369.60","1,369.60",0.03K,-0.14%,,,
803,18/06/2018,"1,371.50","1,371.50","1,371.50","1,371.50",0.04K,0.13%,,,
804,15/06/2018,"1,369.70","1,369.70","1,369.70","1,369.70",0.59K,-2.23%,,,
805,14/06/2018,"1,401.00","1,401.00","1,401.00","1,401.00",0.05K,0.51%,,,
806,13/06/2018,"1,393.90","1,393.90","1,393.90","1,393.90",0.14K,0.12%,,,
807,12/06/2018,"1,392.20","1,392.20","1,392.20","1,392.20",0.15K,-0.27%,,,
808,11/06/2018,"1,395.90","1,395.90","1,395.90","1,395.90",0.07K,0.08%,,,
809,08/06/2018,"1,394.80","1,394.80","1,394.80","1,394.80",0.65K,0.00%,,,
810,07/06/2018,"1,394.80","1,394.80","1,394.80","1,394.80",0.08K,0.06%,,,
811,06/06/2018,"1,393.90","1,393.90","1,393.90","1,393.90",0.03K,-0.04%,,,
812,05/06/2018,"1,394.50","1,394.50","1,394.50","1,394.50",0.36K,0.36%,,,
813,04/06/2018,"1,389.50","1,389.60","1,390.50","1,389.60",0.00K,-0.04%,,,
814,01/06/2018,"1,390.10","1,392.40","1,392.40","1,392.40",0.00K,-0.35%,,,
815,31/05/2018,"1,395.00","1,395.00","1,395.00","1,395.00",4.08K,-0.12%,,,
816,30/05/2018,"1,396.70","1,396.70","1,396.70","1,396.70",50.85K,0.22%,,,
817,29/05/2018,"1,393.70","1,393.70","1,393.70","1,393.70",0.08K,7.41%,,,
818,28/05/2018,"1,297.60","1,298.40","1,299.70","1,294.70",-,-0.05%,,,
819,27/05/2018,"1,298.30","1,299.80","1,299.90","1,296.10",-,-7.48%,,,
820,25/05/2018,"1,403.20","1,403.20","1,403.20","1,403.20",0.00K,-0.07%,,,
821,24/05/2018,"1,404.20","1,404.20","1,404.20","1,404.20",0.02K,1.08%,,,
822,23/05/2018,"1,389.20","1,389.20","1,389.20","1,389.20",0.01K,-0.21%,,,
823,22/05/2018,"1,392.10","1,392.10","1,392.10","1,392.10",0.05K,0.07%,,,
824,21/05/2018,"1,391.10","1,391.10","1,391.10","1,391.10",0.05K,-0.01%,,,
825,18/05/2018,"1,391.30","1,391.30","1,391.30","1,391.30",0.00K,0.09%,,,
826,17/05/2018,"1,390.00","1,390.00","1,390.00","1,390.00",0.00K,-0.15%,,,
827,16/05/2018,"1,392.10","1,392.10","1,392.10","1,392.10",0.03K,0.17%,,,
828,15/05/2018,"1,389.80","1,405.30","1,405.30","1,405.30",0.00K,-1.98%,,,
829,14/05/2018,"1,417.90","1,417.90","1,417.90","1,417.90",0.00K,-0.18%,,,
830,11/05/2018,"1,420.40","1,420.40","1,420.40","1,420.40",0.00K,-0.12%,,,
831,10/05/2018,"1,422.10","1,422.10","1,422.10","1,422.10",0.01K,0.64%,,,
832,09/05/2018,"1,413.00","1,413.50","1,413.50","1,413.30",0.03K,-0.06%,,,
833,08/05/2018,"1,413.80","1,413.80","1,413.80","1,413.80",0.34K,-0.03%,,,
834,07/05/2018,"1,414.20","1,414.20","1,414.20","1,414.20",0.00K,-0.04%,,,
835,04/05/2018,"1,414.70","1,414.70","1,414.70","1,414.70",0.04K,0.16%,,,
836,03/05/2018,"1,412.40","1,412.40","1,412.40","1,412.40",0.00K,0.51%,,,
837,02/05/2018,"1,405.30","1,405.30","1,405.30","1,405.30",0.02K,-0.08%,,,
838,01/05/2018,"1,406.40","1,406.40","1,406.40","1,406.40",0.03K,-0.89%,,,
839,30/04/2018,"1,419.10","1,419.10","1,419.10","1,419.10",0.05K,-0.32%,,,
840,27/04/2018,"1,423.60","1,423.60","1,423.60","1,423.60",0.62K,0.39%,,,
841,26/04/2018,"1,418.00","1,418.00","1,418.00","1,418.00",0.01K,-0.34%,,,
842,25/04/2018,"1,422.90","1,422.90","1,422.90","1,422.90",0.28K,-0.71%,,,
843,24/04/2018,"1,433.10","1,433.10","1,433.10","1,433.10",0.03K,0.64%,,,
844,23/04/2018,"1,424.00","1,424.00","1,424.00","1,424.00",0.01K,-0.99%,,,
845,20/04/2018,"1,438.20","1,442.00","1,442.00","1,442.00",0.00K,-0.73%,,,
846,19/04/2018,"1,448.80","1,453.00","1,453.00","1,453.00",0.00K,-0.32%,,,
847,18/04/2018,"1,453.50","1,460.10","1,460.10","1,460.10",0.00K,0.29%,,,
848,17/04/2018,"1,449.30","1,449.30","1,449.30","1,449.30",0.41K,-0.09%,,,
849,16/04/2018,"1,450.60","1,450.60","1,450.60","1,450.60",0.06K,0.19%,,,
850,13/04/2018,"1,447.90","1,447.90","1,447.90","1,447.90",0.07K,0.45%,,,
851,12/04/2018,"1,441.40","1,441.40","1,441.40","1,441.40",0.03K,-1.27%,,,
852,11/04/2018,"1,460.00","1,460.00","1,460.00","1,460.00",0.00K,1.00%,,,
853,10/04/2018,"1,445.50","1,445.50","1,445.50","1,445.50",0.11K,0.41%,,,
854,09/04/2018,"1,439.60","1,439.60","1,439.60","1,439.60",0.29K,0.26%,,,
855,06/04/2018,"1,435.90","1,435.90","1,435.90","1,435.90",0.35K,0.55%,,,
856,05/04/2018,"1,428.10","1,428.10","1,428.10","1,428.10",0.26K,-0.81%,,,
857,04/04/2018,"1,439.70","1,439.70","1,439.70","1,439.70",0.72K,0.22%,,,
858,03/04/2018,"1,436.50","1,436.50","1,436.50","1,436.50",0.70K,-0.64%,,,
859,02/04/2018,"1,445.80","1,445.80","1,445.80","1,445.80",0.65K,1.39%,,,
860,29/03/2018,"1,426.00","1,426.00","1,426.00","1,426.00",5.59K,-0.20%,,,
861,28/03/2018,"1,428.90","1,428.90","1,428.90","1,428.90",59.28K,-1.31%,,,
862,27/03/2018,"1,447.80","1,447.80","1,447.80","1,447.80",0.01K,-0.90%,,,
863,26/03/2018,"1,461.00","1,461.00","1,461.00","1,461.00",0.01K,0.41%,,,
864,23/03/2018,"1,455.00","1,455.00","1,455.00","1,455.00",0.01K,1.59%,,,
865,22/03/2018,"1,432.20","1,432.20","1,432.20","1,432.20",0.00K,0.39%,,,
866,21/03/2018,"1,426.60","1,426.60","1,426.60","1,426.60",0.01K,0.73%,,,
867,20/03/2018,"1,416.20","1,416.20","1,416.20","1,416.20",0.00K,-0.39%,,,
868,19/03/2018,"1,421.70","1,421.70","1,421.70","1,421.70",0.01K,0.38%,,,
869,16/03/2018,"1,416.30","1,416.30","1,416.30","1,416.30",0.03K,-0.38%,,,
870,15/03/2018,"1,421.70","1,421.70","1,421.70","1,421.70",0.10K,-0.56%,,,
871,14/03/2018,"1,429.70","1,429.70","1,429.70","1,429.70",0.03K,-0.12%,,,
872,13/03/2018,"1,431.40","1,433.40","1,433.40","1,433.40",0.00K,0.46%,,,
873,12/03/2018,"1,424.80","1,424.80","1,424.80","1,424.80",0.00K,-0.22%,,,
874,09/03/2018,"1,428.00","1,428.00","1,428.00","1,428.00",0.09K,0.30%,,,
875,08/03/2018,"1,423.70","1,423.70","1,423.70","1,423.70",0.06K,-0.29%,,,
876,07/03/2018,"1,427.90","1,427.90","1,427.90","1,427.90",0.03K,-0.56%,,,
877,06/03/2018,"1,435.90","1,435.90","1,435.90","1,435.90",0.02K,1.08%,,,
878,05/03/2018,"1,420.50","1,420.50","1,420.50","1,420.50",0.02K,-0.26%,,,
879,02/03/2018,"1,424.20","1,424.20","1,424.20","1,424.20",0.16K,1.29%,,,
880,01/03/2018,"1,406.00","1,406.00","1,406.00","1,406.00",0.04K,-0.93%,,,
881,28/02/2018,"1,419.20","1,419.20","1,419.20","1,419.20",0.06K,-0.03%,,,
882,27/02/2018,"1,419.60","1,419.60","1,419.60","1,419.60",0.05K,-0.94%,,,
883,26/02/2018,"1,433.10","1,433.10","1,433.10","1,433.10",0.04K,0.29%,,,
884,23/02/2018,"1,429.00","1,429.00","1,429.00","1,429.00",0.43K,-0.17%,,,
885,22/02/2018,"1,431.40","1,431.40","1,431.40","1,431.40",0.07K,0.06%,,,
886,21/02/2018,"1,430.60","1,430.60","1,430.60","1,430.60",0.12K,0.15%,,,
887,20/02/2018,"1,428.40","1,428.40","1,428.40","1,428.40",0.28K,5.98%,,,
888,19/02/2018,"1,347.80","1,350.40","1,353.90","1,347.40",-,-0.20%,,,
889,18/02/2018,"1,350.50","1,349.70","1,352.40","1,349.70",-,-7.04%,,,
890,16/02/2018,"1,452.80","1,452.80","1,452.80","1,452.80",0.11K,0.09%,,,
891,15/02/2018,"1,451.50","1,451.50","1,451.50","1,451.50",0.11K,-0.10%,,,
892,14/02/2018,"1,452.90","1,452.90","1,452.90","1,452.90",0.40K,1.97%,,,
893,13/02/2018,"1,424.80","1,424.80","1,424.80","1,424.80",0.07K,0.27%,,,
894,12/02/2018,"1,420.90","1,420.90","1,420.90","1,420.90",0.14K,0.77%,,,
895,09/02/2018,"1,410.10","1,410.10","1,410.10","1,410.10",0.00K,-0.33%,,,
896,08/02/2018,"1,414.80","1,414.80","1,414.80","1,414.80",0.46K,0.29%,,,
897,07/02/2018,"1,410.70","1,410.70","1,410.70","1,410.70",0.49K,-1.03%,,,
898,06/02/2018,"1,425.40","1,425.40","1,425.40","1,425.40",0.53K,-0.52%,,,
899,05/02/2018,"1,432.90","1,432.90","1,432.90","1,432.90",0.64K,-0.12%,,,
900,02/02/2018,"1,434.60","1,434.60","1,434.60","1,434.60",2.84K,-0.73%,,,
901,01/02/2018,"1,445.10","1,445.10","1,445.10","1,445.10",1.68K,0.40%,,,
902,31/01/2018,"1,439.40","1,439.40","1,439.40","1,439.40",4.88K,0.22%,,,
903,30/01/2018,"1,436.20","1,436.20","1,436.20","1,436.20",52.10K,-0.35%,,,
904,29/01/2018,"1,441.30","1,441.30","1,441.30","1,441.30",0.00K,-0.85%,,,
905,26/01/2018,"1,453.70","1,453.70","1,453.70","1,453.70",0.05K,-0.64%,,,
906,25/01/2018,"1,463.10","1,463.10","1,463.10","1,463.10",0.00K,0.47%,,,
907,24/01/2018,"1,456.30","1,456.30","1,456.30","1,456.30",0.02K,1.54%,,,
908,23/01/2018,"1,434.20","1,434.20","1,434.20","1,434.20",0.05K,0.32%,,,
909,22/01/2018,"1,429.60","1,429.60","1,429.60","1,429.60",0.16K,0.26%,,,
910,19/01/2018,"1,425.90","1,425.90","1,425.90","1,425.90",0.05K,0.49%,,,
911,18/01/2018,"1,419.00","1,419.00","1,419.00","1,419.00",0.21K,-0.84%,,,
912,17/01/2018,"1,431.00","1,431.00","1,431.00","1,431.00",0.03K,0.20%,,,
913,16/01/2018,"1,428.10","1,428.10","1,428.10","1,428.10",0.01K,6.43%,,,
914,15/01/2018,"1,341.80","1,337.30","1,344.90","1,337.00",-,0.33%,,,
915,14/01/2018,"1,337.40","1,337.70","1,338.60","1,336.40",-,-6.19%,,,
916,12/01/2018,"1,425.70","1,425.70","1,425.70","1,425.70",0.01K,1.01%,,,
917,11/01/2018,"1,411.40","1,411.40","1,411.40","1,411.40",0.01K,0.22%,,,
918,10/01/2018,"1,408.30","1,408.30","1,408.30","1,408.30",0.00K,0.50%,,,
919,09/01/2018,"1,401.30","1,398.00","1,398.00","1,398.00",0.00K,-0.43%,,,
920,08/01/2018,"1,407.40","1,407.40","1,407.40","1,407.40",0.04K,-0.06%,,,
921,05/01/2018,"1,408.30","1,408.30","1,408.30","1,408.30",0.00K,0.07%,,,
922,04/01/2018,"1,407.30","1,407.30","1,407.30","1,407.30",0.00K,0.24%,,,
923,03/01/2018,"1,404.00","1,399.00","1,399.00","1,399.00",0.00K,0.28%,,,
924,02/01/2018,"1,400.10","1,400.10","1,400.10","1,400.10",0.00K,6.98%,,,
925,01/01/2018,"1,308.70","1,305.80","1,309.70","1,304.60",-,-5.98%,,,
926,29/12/2017,"1,391.90","1,391.90","1,391.90","1,391.90",0.07K,0.91%,,,
927,28/12/2017,"1,379.40","1,372.10","1,372.10","1,372.00",0.01K,0.52%,,,
928,27/12/2017,"1,372.30","1,372.30","1,372.30","1,372.30",0.07K,0.28%,,,
929,26/12/2017,"1,368.50","1,368.50","1,368.50","1,368.50",0.08K,7.09%,,,
930,25/12/2017,"1,277.90","1,278.90","1,279.50","1,277.90",-,-6.02%,,,
931,22/12/2017,"1,359.80","1,353.70","1,354.30","1,353.70",0.00K,0.63%,,,
932,21/12/2017,"1,351.30","1,351.30","1,351.30","1,351.30",0.23K,0.07%,,,
933,20/12/2017,"1,350.40","1,350.40","1,350.40","1,350.40",0.06K,0.42%,,,
934,19/12/2017,"1,344.80","1,344.80","1,344.80","1,344.80",0.33K,-0.06%,,,
935,18/12/2017,"1,345.60","1,345.60","1,345.60","1,345.60",0.05K,0.61%,,,
936,15/12/2017,"1,337.40","1,337.40","1,337.40","1,337.40",0.58K,0.01%,,,
937,14/12/2017,"1,337.20","1,342.00","1,342.00","1,334.00",0.00K,0.64%,,,
938,13/12/2017,"1,328.70","1,328.70","1,328.70","1,328.70",0.35K,0.51%,,,
939,12/12/2017,"1,321.90","1,321.90","1,321.90","1,321.90",0.06K,-0.37%,,,
940,11/12/2017,"1,326.80","1,326.80","1,326.80","1,326.80",0.15K,-0.10%,,,
941,08/12/2017,"1,328.10","1,330.50","1,330.50","1,330.50",0.00K,-0.37%,,,
942,07/12/2017,"1,333.00","1,327.60","1,327.60","1,327.60",0.01K,-0.98%,,,
943,06/12/2017,"1,346.20","1,346.20","1,346.20","1,346.20",0.37K,0.08%,,,
944,05/12/2017,"1,345.10","1,345.10","1,345.10","1,345.10",1.50K,-0.95%,,,
945,04/12/2017,"1,358.00","1,358.00","1,358.00","1,358.00",0.85K,-0.35%,,,
946,01/12/2017,"1,362.80","1,362.80","1,362.80","1,362.80",0.82K,0.41%,,,
947,30/11/2017,"1,357.30","1,357.30","1,357.30","1,357.30",3.05K,-0.67%,,,
948,29/11/2017,"1,366.40","1,382.00","1,382.00","1,382.00",0.01K,-0.91%,,,
949,28/11/2017,"1,379.00","1,379.00","1,379.00","1,379.00",4.06K,0.02%,,,
950,27/11/2017,"1,378.70","1,378.70","1,378.70","1,378.70",0.00K,0.52%,,,
951,24/11/2017,"1,371.60","1,371.60","1,371.60","1,371.60",0.01K,6.19%,,,
952,23/11/2017,"1,291.66","1,291.19","1,293.87","1,287.65",-,-6.16%,,,
953,22/11/2017,"1,376.40","1,376.40","1,376.40","1,376.40",0.03K,0.85%,,,
954,21/11/2017,"1,364.80","1,364.80","1,364.80","1,364.80",0.02K,0.53%,,,
955,20/11/2017,"1,357.60","1,357.60","1,357.60","1,357.60",0.00K,-1.48%,,,
956,17/11/2017,"1,378.00","1,378.00","1,378.00","1,378.00",0.00K,1.37%,,,
957,16/11/2017,"1,359.40","1,359.40","1,359.40","1,359.40",0.04K,0.05%,,,
958,15/11/2017,"1,358.70","1,358.70","1,358.70","1,358.70",0.01K,-0.40%,,,
959,14/11/2017,"1,364.20","1,364.20","1,364.20","1,364.20",0.00K,0.28%,,,
960,13/11/2017,"1,360.40","1,360.40","1,360.40","1,360.40",0.02K,0.44%,,,
961,10/11/2017,"1,354.50","1,354.50","1,354.50","1,354.50",0.10K,-0.90%,,,
962,09/11/2017,"1,366.80","1,366.80","1,366.80","1,366.80",0.02K,0.33%,,,
963,08/11/2017,"1,362.30","1,362.30","1,362.30","1,362.30",0.02K,0.62%,,,
964,07/11/2017,"1,353.90","1,353.90","1,353.90","1,353.90",0.01K,-0.43%,,,
965,06/11/2017,"1,359.70","1,359.70","1,359.70","1,359.70",0.13K,0.95%,,,
966,03/11/2017,"1,346.90","1,346.90","1,346.90","1,346.90",0.08K,-0.63%,,,
967,02/11/2017,"1,355.40","1,355.40","1,355.40","1,355.40",0.07K,0.06%,,,
968,01/11/2017,"1,354.60","1,354.60","1,354.60","1,354.60",0.08K,0.51%,,,
969,31/10/2017,"1,347.70","1,347.70","1,347.70","1,347.70",0.24K,-0.53%,,,
970,30/10/2017,"1,354.90","1,354.90","1,354.90","1,354.90",0.22K,0.43%,,,
971,27/10/2017,"1,349.10","1,351.70","1,351.70","1,351.70",0.00K,0.19%,,,
972,26/10/2017,"1,346.50","1,346.50","1,346.50","1,346.50",0.04K,-0.66%,,,
973,25/10/2017,"1,355.50","1,355.50","1,355.50","1,355.50",0.11K,0.10%,,,
974,24/10/2017,"1,354.20","1,354.20","1,354.20","1,354.20",0.11K,-0.20%,,,
975,23/10/2017,"1,356.90","1,356.90","1,356.90","1,356.90",0.12K,0.05%,,,
976,20/10/2017,"1,356.20","1,356.20","1,356.20","1,356.20",0.30K,-0.71%,,,
977,19/10/2017,"1,365.90","1,365.90","1,365.90","1,365.90",0.13K,0.49%,,,
978,18/10/2017,"1,359.30","1,359.30","1,359.30","1,359.30",0.16K,-0.23%,,,
979,17/10/2017,"1,362.50","1,362.50","1,362.50","1,362.50",0.57K,-1.25%,,,
980,16/10/2017,"1,379.70","1,382.00","1,382.00","1,382.00",0.01K,-0.05%,,,
981,13/10/2017,"1,380.40","1,372.00","1,372.00","1,372.00",0.00K,0.59%,,,
982,12/10/2017,"1,372.30","1,372.30","1,372.30","1,372.30",0.01K,0.57%,,,
983,11/10/2017,"1,364.50","1,364.50","1,364.50","1,364.50",0.02K,-0.36%,,,
984,10/10/2017,"1,369.40","1,374.70","1,374.70","1,374.70",0.00K,0.66%,,,
985,09/10/2017,"1,360.40","1,362.00","1,362.00","1,362.00",0.00K,0.77%,,,
986,06/10/2017,"1,350.00","1,350.00","1,350.00","1,350.00",0.05K,0.13%,,,
987,05/10/2017,"1,348.30","1,348.30","1,348.30","1,348.30",0.04K,-0.20%,,,
988,04/10/2017,"1,351.00","1,351.00","1,351.00","1,351.00",0.22K,0.16%,,,
989,03/10/2017,"1,348.80","1,353.30","1,353.30","1,353.30",0.00K,-0.10%,,,
990,02/10/2017,"1,350.10","1,350.10","1,350.10","1,350.10",0.14K,-0.55%,,,
991,29/09/2017,"1,357.60","1,357.60","1,357.60","1,357.60",0.49K,-0.27%,,,
992,28/09/2017,"1,361.30","1,361.30","1,361.30","1,361.30",0.05K,0.04%,,,
993,27/09/2017,"1,360.70","1,360.70","1,360.70","1,360.70",0.02K,-0.98%,,,
994,26/09/2017,"1,374.10","1,374.10","1,374.10","1,374.10",0.04K,-0.68%,,,
995,25/09/2017,"1,383.50","1,382.00","1,382.00","1,382.00",0.00K,1.03%,,,
996,22/09/2017,"1,369.40","1,369.40","1,369.40","1,369.40",0.21K,0.20%,,,
997,21/09/2017,"1,366.70","1,367.30","1,367.30","1,367.30",0.00K,-1.56%,,,
998,20/09/2017,"1,388.30","1,388.30","1,388.30","1,388.30",0.01K,0.41%,,,
999,19/09/2017,"1,382.60","1,382.60","1,382.60","1,382.60",0.05K,0.17%,,,
1000,18/09/2017,"1,380.30","1,380.30","1,380.30","1,380.30",0.00K,-1.06%,,,
1001,15/09/2017,"1,395.10","1,395.10","1,395.10","1,395.10",0.02K,-0.29%,,,
1002,14/09/2017,"1,399.20","1,399.20","1,399.20","1,399.20",0.32K,0.18%,,,
1003,13/09/2017,"1,396.70","1,396.70","1,396.70","1,396.70",0.08K,-0.36%,,,
1004,12/09/2017,"1,401.80","1,406.60","1,406.60","1,406.60",0.03K,-0.16%,,,
1005,11/09/2017,"1,404.10","1,404.10","1,404.10","1,404.10",0.00K,-1.07%,,,
1006,08/09/2017,"1,419.30","1,419.30","1,419.30","1,419.30",0.04K,0.09%,,,
1007,07/09/2017,"1,418.00","1,418.00","1,418.00","1,418.00",0.03K,0.86%,,,
1008,06/09/2017,"1,405.90","1,405.90","1,405.90","1,405.90",0.08K,-0.38%,,,
1009,05/09/2017,"1,411.20","1,411.20","1,411.20","1,411.20",0.01K,5.46%,,,
1010,04/09/2017,"1,338.08","1,341.21","1,344.59","1,337.01",-,-0.23%,,,
1011,03/09/2017,"1,341.22","1,340.54","1,342.07","1,338.96",-,-4.00%,,,
1012,01/09/2017,"1,397.10","1,397.10","1,397.10","1,397.10",0.04K,0.62%,,,
1013,31/08/2017,"1,388.50","1,389.50","1,393.70","1,389.50",0.00K,0.55%,,,
1014,30/08/2017,"1,380.90","1,380.90","1,380.90","1,380.90",0.37K,-0.35%,,,
1015,29/08/2017,"1,385.70","1,385.70","1,385.70","1,385.70",0.30K,0.22%,,,
1016,28/08/2017,"1,382.60","1,381.90","1,381.90","1,381.90",0.00K,1.30%,,,
1017,25/08/2017,"1,364.80","1,364.80","1,364.80","1,364.80",0.28K,0.43%,,,
1018,24/08/2017,"1,358.90","1,358.90","1,358.90","1,358.90",0.55K,-0.21%,,,
1019,23/08/2017,"1,361.70","1,361.70","1,361.70","1,361.70",0.25K,0.23%,,,
1020,22/08/2017,"1,358.60","1,358.60","1,358.60","1,358.60",0.10K,-0.40%,,,
1021,21/08/2017,"1,364.10","1,364.10","1,364.10","1,364.10",0.02K,0.39%,,,
1022,18/08/2017,"1,358.80","1,362.70","1,372.50","1,362.70",0.00K,-0.08%,,,
1023,17/08/2017,"1,359.90","1,359.90","1,359.90","1,359.90",0.04K,0.67%,,,
1024,16/08/2017,"1,350.80","1,350.80","1,350.80","1,350.80",0.11K,0.24%,,,
1025,15/08/2017,"1,347.50","1,347.50","1,347.50","1,347.50",0.19K,-0.78%,,,
1026,14/08/2017,"1,358.10","1,358.10","1,358.10","1,358.10",0.34K,-0.24%,,,
1027,11/08/2017,"1,361.40","1,361.40","1,361.40","1,361.40",0.14K,0.27%,,,
1028,10/08/2017,"1,357.80","1,357.80","1,357.80","1,357.80",0.61K,0.80%,,,
1029,09/08/2017,"1,347.00","1,347.00","1,347.00","1,347.00",0.57K,1.25%,,,
1030,08/08/2017,"1,330.40","1,330.40","1,330.40","1,330.40",0.56K,-0.12%,,,
1031,07/08/2017,"1,332.00","1,326.40","1,326.40","1,326.40",0.00K,0.02%,,,
1032,04/08/2017,"1,331.70","1,331.70","1,331.70","1,331.70",0.52K,-0.74%,,,
1033,03/08/2017,"1,341.60","1,341.60","1,341.60","1,341.60",0.00K,-0.29%,,,
1034,02/08/2017,"1,345.50","1,345.50","1,345.50","1,345.50",0.39K,-0.06%,,,
1035,01/08/2017,"1,346.30","1,346.30","1,346.30","1,346.30",1.06K,0.42%,,,
1036,31/07/2017,"1,340.70","1,340.70","1,340.70","1,340.70",7.78K,-0.14%,,,
1037,28/07/2017,"1,342.60","1,342.60","1,342.60","1,342.60",64.18K,0.67%,,,
1038,27/07/2017,"1,333.70","1,333.70","1,333.70","1,333.70",0.05K,0.85%,,,
1039,26/07/2017,"1,322.40","1,322.40","1,322.40","1,322.40",0.00K,-0.06%,,,
1040,25/07/2017,"1,323.20","1,323.20","1,323.20","1,323.20",0.02K,-0.17%,,,
1041,24/07/2017,"1,325.40","1,323.60","1,323.60","1,323.60",0.00K,-0.04%,,,
1042,21/07/2017,"1,325.90","1,325.90","1,325.90","1,325.90",0.02K,0.67%,,,
1043,20/07/2017,"1,317.10","1,317.10","1,317.10","1,317.10",0.01K,0.26%,,,
1044,19/07/2017,"1,313.70","1,313.70","1,313.70","1,313.70",0.00K,0.02%,,,
1045,18/07/2017,"1,313.50","1,313.50","1,313.50","1,313.50",0.03K,0.62%,,,
1046,17/07/2017,"1,305.40","1,305.40","1,305.40","1,305.40",0.01K,0.51%,,,
1047,14/07/2017,"1,298.80","1,289.00","1,289.00","1,289.00",0.00K,0.80%,,,
1048,13/07/2017,"1,288.50","1,288.50","1,288.50","1,288.50",0.01K,-0.21%,,,
1049,12/07/2017,"1,291.20","1,291.20","1,291.20","1,291.20",0.01K,0.27%,,,
1050,11/07/2017,"1,287.70","1,287.70","1,287.70","1,287.70",0.01K,0.13%,,,
1051,10/07/2017,"1,286.00","1,286.00","1,286.00","1,286.00",0.03K,0.28%,,,
1052,07/07/2017,"1,282.40","1,282.30","1,282.30","1,282.30",0.00K,-1.10%,,,
1053,06/07/2017,"1,296.70","1,296.70","1,296.70","1,296.70",0.00K,0.22%,,,
1054,05/07/2017,"1,293.90","1,293.90","1,293.90","1,293.90",0.00K,5.41%,,,
1055,04/07/2017,"1,227.55","1,224.30","1,228.03","1,221.49",-,-4.91%,,,
1056,03/07/2017,"1,290.90","1,289.90","1,289.90","1,289.00",0.02K,-1.76%,,,
1057,30/06/2017,"1,314.00","1,314.00","1,314.00","1,314.00",0.04K,-0.28%,,,
1058,29/06/2017,"1,317.70","1,322.80","1,322.80","1,313.70",0.00K,-0.23%,,,
1059,28/06/2017,"1,320.80","1,320.80","1,320.80","1,320.80",0.01K,0.18%,,,
1060,27/06/2017,"1,318.40","1,318.40","1,318.40","1,318.40",0.11K,0.05%,,,
1061,26/06/2017,"1,317.70","1,317.70","1,317.70","1,317.70",0.19K,-0.75%,,,
1062,23/06/2017,"1,327.70","1,327.70","1,327.70","1,327.70",0.00K,0.55%,,,
1063,22/06/2017,"1,320.40","1,320.40","1,320.40","1,320.40",0.16K,0.25%,,,
1064,21/06/2017,"1,317.10","1,317.10","1,317.10","1,317.10",0.01K,0.14%,,,
1065,20/06/2017,"1,315.20","1,315.20","1,315.20","1,315.20",0.08K,-0.27%,,,
1066,19/06/2017,"1,318.80","1,318.80","1,318.80","1,318.80",0.11K,-0.73%,,,
1067,16/06/2017,"1,328.50","1,328.50","1,328.50","1,328.50",0.03K,0.13%,,,
1068,15/06/2017,"1,326.80","1,326.80","1,326.80","1,326.80",0.74K,-1.59%,,,
1069,14/06/2017,"1,348.20","1,348.20","1,348.20","1,348.20",0.34K,0.52%,,,
1070,13/06/2017,"1,341.20","1,342.80","1,342.80","1,342.80",0.00K,-0.02%,,,
1071,12/06/2017,"1,341.50","1,341.50","1,341.50","1,341.50",0.26K,-0.18%,,,
1072,09/06/2017,"1,343.90","1,343.90","1,343.90","1,343.90",0.00K,-0.59%,,,
1073,08/06/2017,"1,351.90","1,351.90","1,351.90","1,351.90",0.32K,-1.00%,,,
1074,07/06/2017,"1,365.60","1,365.60","1,365.60","1,365.60",0.64K,-0.32%,,,
1075,06/06/2017,"1,370.00","1,370.00","1,370.00","1,370.00",0.94K,1.06%,,,
1076,05/06/2017,"1,355.60","1,355.60","1,355.60","1,355.60",0.43K,0.18%,,,
1077,02/06/2017,"1,353.10","1,353.10","1,353.10","1,353.10",1.73K,0.74%,,,
1078,01/06/2017,"1,343.20","1,343.20","1,343.20","1,343.20",0.83K,-0.39%,,,
1079,31/05/2017,"1,348.50","1,348.50","1,348.50","1,348.50",2.71K,0.70%,,,
1080,30/05/2017,"1,339.10","1,339.10","1,339.10","1,339.10",129.82K,5.72%,,,
1081,29/05/2017,"1,266.69","1,268.02","1,268.60","1,264.96",-,-0.12%,,,
1082,28/05/2017,"1,268.22","1,266.31","1,269.02","1,266.31",-,-5.69%,,,
1083,26/05/2017,"1,344.80","1,344.80","1,344.80","1,344.80",0.00K,0.86%,,,
1084,25/05/2017,"1,333.30","1,333.30","1,333.30","1,333.30",0.01K,0.27%,,,
1085,24/05/2017,"1,329.70","1,329.70","1,329.70","1,329.70",0.01K,-0.18%,,,
1086,23/05/2017,"1,332.10","1,332.10","1,332.10","1,332.10",0.02K,-0.44%,,,
1087,22/05/2017,"1,338.00","1,338.00","1,338.00","1,338.00",0.01K,0.61%,,,
1088,19/05/2017,"1,329.90","1,329.90","1,329.90","1,329.90",0.01K,0.05%,,,
1089,18/05/2017,"1,329.20","1,339.80","1,340.00","1,339.80",0.04K,-0.52%,,,
1090,17/05/2017,"1,336.20","1,336.20","1,336.20","1,336.20",0.03K,1.66%,,,
1091,16/05/2017,"1,314.40","1,312.70","1,312.70","1,312.70",0.00K,0.49%,,,
1092,15/05/2017,"1,308.00","1,307.50","1,308.00","1,307.50",0.00K,0.18%,,,
1093,12/05/2017,"1,305.70","1,305.70","1,305.70","1,305.70",0.03K,0.21%,,,
1094,11/05/2017,"1,302.90","1,302.90","1,302.90","1,302.90",0.01K,0.41%,,,
1095,10/05/2017,"1,297.60","1,305.00","1,305.20","1,305.00",0.01K,0.19%,,,
1096,09/05/2017,"1,295.10","1,306.10","1,306.10","1,303.20",0.01K,-0.84%,,,
1097,08/05/2017,"1,306.10","1,306.10","1,306.10","1,306.10",0.04K,0.02%,,,
1098,05/05/2017,"1,305.80","1,305.80","1,305.80","1,305.80",0.02K,-0.12%,,,
1099,04/05/2017,"1,307.40","1,312.10","1,312.10","1,312.10",0.00K,-1.52%,,,
1100,03/05/2017,"1,327.60","1,326.90","1,326.90","1,326.90",0.00K,-0.64%,,,
1101,02/05/2017,"1,336.10","1,336.10","1,336.10","1,336.10",0.09K,0.11%,,,
1102,01/05/2017,"1,334.60","1,334.60","1,334.60","1,334.60",0.03K,-0.93%,,,
1103,28/04/2017,"1,347.10","1,347.10","1,347.10","1,347.10",0.09K,0.18%,,,
1104,27/04/2017,"1,344.70","1,344.70","1,344.70","1,344.70",0.21K,0.13%,,,
1105,26/04/2017,"1,343.00","1,343.00","1,343.00","1,343.00",0.10K,-0.22%,,,
1106,25/04/2017,"1,346.00","1,346.00","1,346.00","1,346.00",0.36K,-0.72%,,,
1107,24/04/2017,"1,355.80","1,355.80","1,355.80","1,355.80",0.61K,-0.82%,,,
1108,21/04/2017,"1,367.00","1,359.80","1,378.00","1,359.80",0.00K,0.39%,,,
1109,20/04/2017,"1,361.70","1,361.70","1,361.70","1,361.70",0.13K,0.09%,,,
1110,19/04/2017,"1,360.50","1,360.50","1,360.50","1,360.50",0.19K,-0.76%,,,
1111,18/04/2017,"1,370.90","1,370.90","1,370.90","1,370.90",0.00K,0.08%,,,
1112,17/04/2017,"1,369.80","1,369.80","1,369.80","1,369.80",0.07K,6.21%,,,
1113,14/04/2017,"1,289.65","1,289.65","1,289.65","1,289.65",-,-5.64%,,,
1114,13/04/2017,"1,366.70","1,366.70","1,366.70","1,366.70",0.92K,0.69%,,,
1115,12/04/2017,"1,357.30","1,357.30","1,357.30","1,357.30",0.00K,0.29%,,,
1116,11/04/2017,"1,353.40","1,353.40","1,353.40","1,353.40",0.40K,1.51%,,,
1117,10/04/2017,"1,333.30","1,333.30","1,333.30","1,333.30",0.18K,-0.26%,,,
1118,07/04/2017,"1,336.80","1,336.80","1,336.80","1,336.80",0.00K,0.33%,,,
1119,06/04/2017,"1,332.40","1,332.40","1,332.40","1,332.40",0.00K,0.37%,,,
1120,05/04/2017,"1,327.50","1,327.50","1,327.50","1,327.50",0.91K,-0.70%,,,
1121,04/04/2017,"1,336.80","1,333.10","1,333.10","1,333.10",0.00K,0.31%,,,
1122,03/04/2017,"1,332.70","1,332.70","1,332.70","1,332.70",1.16K,0.22%,,,
1123,31/03/2017,"1,329.80","1,339.00","1,339.00","1,339.00",0.00K,0.23%,,,
1124,30/03/2017,"1,326.70","1,344.00","1,344.00","1,341.30",0.00K,-0.66%,,,
1125,29/03/2017,"1,335.50","1,335.50","1,335.50","1,335.50",0.04K,-0.15%,,,
1126,28/03/2017,"1,337.50","1,338.70","1,338.70","1,338.70",0.00K,0.01%,,,
1127,27/03/2017,"1,337.40","1,337.40","1,337.40","1,337.40",0.07K,0.53%,,,
1128,24/03/2017,"1,330.40","1,330.40","1,330.40","1,330.40",0.00K,0.14%,,,
1129,23/03/2017,"1,328.50","1,328.50","1,328.50","1,328.50",0.02K,-0.23%,,,
1130,22/03/2017,"1,331.50","1,331.50","1,331.50","1,331.50",0.00K,0.19%,,,
1131,21/03/2017,"1,329.00","1,316.50","1,316.50","1,316.50",0.00K,0.90%,,,
1132,20/03/2017,"1,317.20","1,317.20","1,317.20","1,317.20",0.02K,0.27%,,,
1133,17/03/2017,"1,313.60","1,313.60","1,313.60","1,313.60",0.03K,0.22%,,,
1134,16/03/2017,"1,310.70","1,310.70","1,310.70","1,310.70",0.05K,2.06%,,,
1135,15/03/2017,"1,284.30","1,284.30","1,284.30","1,284.30",0.04K,-0.16%,,,
1136,14/03/2017,"1,286.30","1,286.30","1,286.30","1,286.30",0.02K,-0.02%,,,
1137,13/03/2017,"1,286.60","1,294.00","1,294.00","1,294.00",0.02K,0.20%,,,
1138,10/03/2017,"1,284.00","1,284.00","1,284.00","1,284.00",0.00K,-0.13%,,,
1139,09/03/2017,"1,285.70","1,285.70","1,285.70","1,285.70",0.04K,-0.48%,,,
1140,08/03/2017,"1,291.90","1,291.90","1,291.90","1,291.90",0.02K,-0.45%,,,
1141,07/03/2017,"1,297.70","1,307.60","1,307.60","1,307.50",0.03K,-0.73%,,,
1142,06/03/2017,"1,307.30","1,307.30","1,307.30","1,307.30",0.03K,-0.11%,,,
1143,03/03/2017,"1,308.80","1,308.80","1,308.80","1,308.80",0.12K,-0.39%,,,
1144,02/03/2017,"1,313.90","1,313.90","1,313.90","1,313.90",0.08K,-1.29%,,,
1145,01/03/2017,"1,331.10","1,331.10","1,331.10","1,331.10",0.14K,-0.24%,,,
1146,28/02/2017,"1,334.30","1,334.30","1,334.30","1,334.30",0.72K,-0.36%,,,
1147,27/02/2017,"1,339.10","1,339.10","1,339.10","1,339.10",0.54K,0.05%,,,
1148,24/02/2017,"1,338.40","1,338.40","1,338.40","1,338.40",0.09K,0.50%,,,
1149,23/02/2017,"1,331.70","1,331.70","1,331.70","1,331.70",0.03K,1.40%,,,
1150,22/02/2017,"1,313.30","1,313.30","1,313.30","1,313.30",0.00K,-0.45%,,,
1151,21/02/2017,"1,319.20","1,319.20","1,319.20","1,319.20",0.00K,6.54%,,,
1152,20/02/2017,"1,238.20","1,237.25","1,240.15","1,233.50",-,0.07%,,,
1153,19/02/2017,"1,237.30","1,236.00","1,239.25","1,236.00",-,-6.22%,,,
1154,17/02/2017,"1,319.40","1,319.40","1,319.40","1,319.40",0.30K,-0.25%,,,
1155,16/02/2017,"1,322.70","1,322.70","1,322.70","1,322.70",0.00K,0.65%,,,
1156,15/02/2017,"1,314.20","1,314.20","1,314.20","1,314.20",0.18K,0.71%,,,
1157,14/02/2017,"1,304.90","1,304.90","1,304.90","1,304.90",0.16K,0.00%,,,
1158,13/02/2017,"1,304.90","1,304.90","1,304.90","1,304.90",0.40K,-0.73%,,,
1159,10/02/2017,"1,314.50","1,319.00","1,319.00","1,319.00",0.00K,-0.07%,,,
1160,09/02/2017,"1,315.40","1,315.40","1,315.40","1,315.40",0.89K,-0.22%,,,
1161,08/02/2017,"1,318.30","1,323.90","1,323.90","1,323.90",0.00K,0.14%,,,
1162,07/02/2017,"1,316.40","1,314.10","1,314.10","1,314.10",0.00K,0.24%,,,
1163,06/02/2017,"1,313.30","1,313.30","1,313.30","1,313.30",0.91K,0.85%,,,
1164,03/02/2017,"1,302.20","1,302.20","1,302.20","1,302.20",0.87K,0.12%,,,
1165,02/02/2017,"1,300.60","1,300.60","1,300.60","1,300.60",1.51K,0.86%,,,
1166,01/02/2017,"1,289.50","1,289.00","1,291.00","1,289.00",0.00K,-0.18%,,,
1167,31/01/2017,"1,291.80","1,291.80","1,291.80","1,291.80",3.21K,1.21%,,,
1168,30/01/2017,"1,276.40","1,276.40","1,276.40","1,276.40",50.50K,0.37%,,,
1169,27/01/2017,"1,271.70","1,271.70","1,271.70","1,271.70",0.02K,-0.09%,,,
1170,26/01/2017,"1,272.90","1,275.10","1,275.10","1,275.10",0.01K,-0.64%,,,
1171,25/01/2017,"1,281.10","1,281.10","1,281.10","1,281.10",0.40K,-1.00%,,,
1172,24/01/2017,"1,294.10","1,299.60","1,299.60","1,295.40",0.01K,-0.37%,,,
1173,23/01/2017,"1,298.90","1,298.90","1,298.90","1,298.90",0.02K,0.75%,,,
1174,20/01/2017,"1,289.20","1,289.20","1,289.20","1,289.20",0.04K,0.29%,,,
1175,19/01/2017,"1,285.50","1,284.00","1,284.00","1,284.00",0.00K,-0.79%,,,
1176,18/01/2017,"1,295.70","1,295.70","1,295.70","1,295.70",0.11K,-0.13%,,,
1177,17/01/2017,"1,297.40","1,297.40","1,297.40","1,297.40",0.08K,7.86%,,,
1178,16/01/2017,"1,202.85","1,203.25","1,208.45","1,200.00",-,-0.04%,,,
1179,15/01/2017,"1,203.35","1,197.30","1,205.05","1,197.30",-,-6.08%,,,
1180,13/01/2017,"1,281.30","1,281.30","1,281.30","1,281.30",0.02K,-0.16%,,,
1181,12/01/2017,"1,283.30","1,283.30","1,283.30","1,283.30",0.11K,0.26%,,,
1182,11/01/2017,"1,280.00","1,280.00","1,280.00","1,280.00",0.02K,0.91%,,,
1183,10/01/2017,"1,268.50","1,268.50","1,268.50","1,268.50",0.00K,0.07%,,,
1184,09/01/2017,"1,267.60","1,262.80","1,262.80","1,262.80",0.00K,0.95%,,,
1185,06/01/2017,"1,255.70","1,256.00","1,256.00","1,256.00",0.01K,-0.51%,,,
1186,05/01/2017,"1,262.10","1,262.10","1,262.10","1,262.10",0.01K,1.20%,,,
1187,04/01/2017,"1,247.10","1,247.10","1,247.10","1,247.10",0.04K,0.19%,,,
1188,03/01/2017,"1,244.70","1,232.40","1,234.00","1,232.40",0.00K,8.14%,,,
1189,02/01/2017,"1,151.05","1,151.00","1,153.25","1,150.00",-,-6.76%,,,
1190,30/12/2016,"1,234.50","1,239.00","1,239.00","1,239.00",0.00K,-0.54%,,,
1191,29/12/2016,"1,241.20","1,241.20","1,241.20","1,241.20",0.95K,1.41%,,,
1192,28/12/2016,"1,224.00","1,224.00","1,224.00","1,224.00",0.21K,0.17%,,,
1193,27/12/2016,"1,221.90","1,221.90","1,221.90","1,221.90",0.00K,7.70%,,,
1194,26/12/2016,"1,134.55","1,135.00","1,136.05","1,134.00",-,-0.04%,,,
1195,25/12/2016,"1,135.00","1,135.00","1,135.00","1,135.00",-,-6.72%,,,
1196,23/12/2016,"1,216.80","1,216.80","1,216.80","1,216.80",0.00K,0.25%,,,
1197,22/12/2016,"1,213.80","1,213.80","1,213.80","1,213.80",0.10K,-0.22%,,,
1198,21/12/2016,"1,216.50","1,216.50","1,216.50","1,216.50",0.05K,-0.04%,,,
1199,20/12/2016,"1,217.00","1,217.00","1,217.00","1,217.00",0.00K,-0.73%,,,
1200,19/12/2016,"1,225.90","1,225.90","1,225.90","1,225.90",0.25K,0.41%,,,
1201,16/12/2016,"1,220.90","1,220.90","1,220.90","1,220.90",0.15K,0.64%,,,
1202,15/12/2016,"1,213.10","1,213.10","1,213.10","1,213.10",0.00K,-2.04%,,,
1203,14/12/2016,"1,238.30","1,238.30","1,238.30","1,238.30",0.01K,0.38%,,,
1204,13/12/2016,"1,233.60","1,233.60","1,233.60","1,233.60",0.64K,-0.54%,,,
1205,12/12/2016,"1,240.30","1,240.30","1,240.30","1,240.30",0.33K,0.35%,,,
1206,09/12/2016,"1,236.00","1,236.00","1,236.00","1,236.00",0.37K,-0.83%,,,
1207,08/12/2016,"1,246.40","1,246.40","1,246.40","1,246.40",0.32K,-0.34%,,,
1208,07/12/2016,"1,250.60","1,250.60","1,250.60","1,250.60",0.18K,1.26%,,,
1209,06/12/2016,"1,235.00","1,235.00","1,235.00","1,235.00",0.65K,-0.54%,,,
1210,05/12/2016,"1,241.70","1,236.70","1,236.70","1,236.70",0.00K,-0.06%,,,
1211,02/12/2016,"1,242.40","1,242.40","1,242.40","1,242.40",1.52K,0.71%,,,
1212,01/12/2016,"1,233.70","1,233.70","1,233.70","1,233.70",1.59K,-0.38%,,,
1213,30/11/2016,"1,238.40","1,238.40","1,238.40","1,238.40",7.16K,-1.36%,,,
1214,29/11/2016,"1,255.50","1,255.50","1,255.50","1,255.50",42.12K,-0.25%,,,
1215,28/11/2016,"1,258.60","1,258.60","1,258.60","1,258.60",0.02K,1.05%,,,
1216,25/11/2016,"1,245.50","1,245.50","1,245.50","1,245.50",0.01K,5.06%,,,
1217,24/11/2016,"1,185.55","1,189.20","1,190.30","1,179.75",-,-5.68%,,,
1218,23/11/2016,"1,256.90","1,256.90","1,256.90","1,256.90",0.31K,-1.65%,,,
1219,22/11/2016,"1,278.00","1,278.00","1,278.00","1,278.00",0.02K,0.09%,,,
1220,21/11/2016,"1,276.80","1,276.80","1,276.80","1,276.80",-,0.03%,,,
1221,18/11/2016,"1,276.40","1,276.40","1,276.40","1,276.40",0.61K,-0.58%,,,
1222,17/11/2016,"1,283.80","1,283.80","1,283.80","1,283.80",1.14K,-0.50%,,,
1223,16/11/2016,"1,290.30","1,290.30","1,290.30","1,290.30",0.07K,-0.05%,,,
1224,15/11/2016,"1,290.90","1,290.90","1,290.90","1,290.90",0.02K,0.31%,,,
1225,14/11/2016,"1,286.90","1,286.90","1,286.90","1,286.90",0.00K,0.33%,,,
1226,11/11/2016,"1,282.70","1,282.70","1,282.70","1,282.70",0.60K,-3.31%,,,
1227,10/11/2016,"1,326.60","1,326.60","1,326.60","1,326.60",0.06K,-0.68%,,,
1228,09/11/2016,"1,335.70","1,334.00","1,334.00","1,334.00",0.00K,-0.04%,,,
1229,08/11/2016,"1,336.20","1,336.20","1,336.20","1,336.20",0.05K,-0.31%,,,
1230,07/11/2016,"1,340.40","1,340.40","1,340.40","1,340.40",0.03K,-1.85%,,,
1231,04/11/2016,"1,365.70","1,365.70","1,365.70","1,365.70",0.01K,0.14%,,,
1232,03/11/2016,"1,363.80","1,363.80","1,363.80","1,363.80",0.07K,-0.31%,,,
1233,02/11/2016,"1,368.00","1,368.00","1,368.00","1,368.00",0.03K,1.48%,,,
1234,01/11/2016,"1,348.00","1,348.00","1,348.00","1,348.00",0.15K,1.07%,,,
1235,31/10/2016,"1,333.70","1,333.70","1,333.70","1,333.70",0.06K,-0.25%,,,
1236,28/10/2016,"1,337.10","1,337.10","1,337.10","1,337.10",0.56K,0.53%,,,
1237,27/10/2016,"1,330.00","1,330.00","1,330.00","1,330.00",0.00K,0.41%,,,
1238,26/10/2016,"1,324.60","1,324.60","1,324.60","1,324.60",0.28K,-0.53%,,,
1239,25/10/2016,"1,331.60","1,331.60","1,331.60","1,331.60",0.06K,1.09%,,,
1240,24/10/2016,"1,317.20","1,317.20","1,317.20","1,317.20",0.04K,-0.44%,,,
1241,21/10/2016,"1,323.00","1,323.00","1,323.00","1,323.00",0.22K,-0.04%,,,
1242,20/10/2016,"1,323.50","1,323.50","1,323.50","1,323.50",0.42K,-0.13%,,,
1243,19/10/2016,"1,325.20","1,325.20","1,325.20","1,325.20",0.22K,0.50%,,,
1244,18/10/2016,"1,318.60","1,318.60","1,318.60","1,318.60",0.01K,0.52%,,,
1245,17/10/2016,"1,311.80","1,311.80","1,311.80","1,311.80",0.04K,0.11%,,,
1246,14/10/2016,"1,310.40","1,310.40","1,310.40","1,310.40",0.31K,-0.14%,,,
1247,13/10/2016,"1,312.30","1,312.30","1,312.30","1,312.30",0.32K,0.35%,,,
1248,12/10/2016,"1,307.70","1,307.70","1,307.70","1,307.70",0.13K,-0.14%,,,
1249,11/10/2016,"1,309.50","1,309.50","1,309.50","1,309.50",0.03K,-0.33%,,,
1250,10/10/2016,"1,313.90","1,313.90","1,313.90","1,313.90",0.03K,0.72%,,,
1251,07/10/2016,"1,304.50","1,304.50","1,304.50","1,304.50",0.17K,-0.08%,,,
1252,06/10/2016,"1,305.50","1,305.50","1,305.50","1,305.50",0.11K,-1.20%,,,
1253,05/10/2016,"1,321.30","1,321.30","1,321.30","1,321.30",0.25K,-0.06%,,,
1254,04/10/2016,"1,322.10","1,322.10","1,322.10","1,322.10",1.89K,-3.21%,,,
1255,03/10/2016,"1,365.90","1,365.90","1,365.90","1,365.90",0.30K,-0.33%,,,
1256,30/09/2016,"1,370.40","1,383.50","1,383.50","1,383.50",0.00K,-0.63%,,,
1257,29/09/2016,"1,379.10","1,379.10","1,379.10","1,379.10",6.11K,0.17%,,,
1258,28/09/2016,"1,376.70","1,376.70","1,376.70","1,376.70",0.03K,-0.56%,,,
1259,27/09/2016,"1,384.40","1,384.40","1,384.40","1,384.40",0.05K,-1.02%,,,
1260,26/09/2016,"1,398.60","1,398.60","1,398.60","1,398.60",0.03K,0.19%,,,
1261,23/09/2016,"1,396.00","1,396.00","1,396.00","1,396.00",0.04K,-0.23%,,,
1262,22/09/2016,"1,399.20","1,399.20","1,399.20","1,399.20",0.02K,0.79%,,,
1263,21/09/2016,"1,388.30","1,388.30","1,388.30","1,388.30",0.08K,0.99%,,,
1264,20/09/2016,"1,374.70","1,374.70","1,374.70","1,374.70",0.10K,0.02%,,,
1265,19/09/2016,"1,374.40","1,374.40","1,374.40","1,374.40",0.02K,0.53%,,,
1266,16/09/2016,"1,367.10","1,367.10","1,367.10","1,367.10",0.00K,-0.57%,,,
1267,15/09/2016,"1,374.90","1,379.30","1,379.30","1,378.00",0.00K,-0.61%,,,
1268,14/09/2016,"1,383.30","1,386.70","1,386.70","1,379.20",0.01K,0.18%,,,
1269,13/09/2016,"1,380.80","1,380.80","1,380.80","1,380.80",0.25K,-0.26%,,,
1270,12/09/2016,"1,384.40","1,384.40","1,384.40","1,384.40",0.18K,-0.62%,,,
1271,09/09/2016,"1,393.10","1,393.10","1,393.10","1,393.10",0.04K,-0.51%,,,
1272,08/09/2016,"1,400.20","1,400.20","1,400.20","1,400.20",0.03K,-0.49%,,,
1273,07/09/2016,"1,407.10","1,407.10","1,407.10","1,407.10",0.01K,-0.28%,,,
1274,06/09/2016,"1,411.10","1,411.10","1,411.10","1,411.10",0.05K,6.01%,,,
1275,05/09/2016,"1,331.10","1,326.35","1,332.15","1,325.55",-,0.37%,,,
1276,04/09/2016,"1,326.25","1,328.20","1,328.75","1,326.15",-,-4.26%,,,
1277,02/09/2016,"1,385.30","1,385.30","1,385.30","1,385.30",0.06K,0.93%,,,
1278,01/09/2016,"1,372.60","1,372.60","1,372.60","1,372.60",0.23K,0.34%,,,
1279,31/08/2016,"1,367.90","1,367.90","1,367.90","1,367.90",0.21K,-0.48%,,,
1280,30/08/2016,"1,374.50","1,374.50","1,374.50","1,374.50",0.71K,-0.72%,,,
1281,29/08/2016,"1,384.40","1,384.40","1,384.40","1,384.40",0.04K,0.09%,,,
1282,26/08/2016,"1,383.20","1,383.20","1,383.20","1,383.20",0.14K,-0.06%,,,
1283,25/08/2016,"1,384.00","1,384.40","1,384.40","1,384.40",0.00K,-0.46%,,,
1284,24/08/2016,"1,390.40","1,389.00","1,389.00","1,389.00",0.00K,-1.24%,,,
1285,23/08/2016,"1,407.80","1,407.80","1,407.80","1,407.80",0.55K,0.19%,,,
1286,22/08/2016,"1,405.20","1,405.20","1,405.20","1,405.20",0.12K,-0.20%,,,
1287,19/08/2016,"1,408.00","1,408.00","1,408.00","1,408.00",0.20K,-0.78%,,,
1288,18/08/2016,"1,419.10","1,419.10","1,419.10","1,419.10",0.14K,0.60%,,,
1289,17/08/2016,"1,410.60","1,410.60","1,410.60","1,410.60",0.14K,-0.59%,,,
1290,16/08/2016,"1,419.00","1,410.70","1,410.70","1,410.70",0.00K,0.60%,,,
1291,15/08/2016,"1,410.60","1,410.60","1,410.60","1,410.60",0.00K,0.27%,,,
1292,12/08/2016,"1,406.80","1,406.80","1,406.80","1,406.80",0.11K,-0.51%,,,
1293,11/08/2016,"1,414.00","1,414.00","1,414.00","1,414.00",0.67K,-0.11%,,,
1294,10/08/2016,"1,415.60","1,415.60","1,415.60","1,415.60",0.11K,0.35%,,,
1295,09/08/2016,"1,410.60","1,409.90","1,409.90","1,409.90",0.00K,0.38%,,,
1296,08/08/2016,"1,405.30","1,405.30","1,405.30","1,405.30",0.59K,-0.18%,,,
1297,05/08/2016,"1,407.90","1,407.90","1,407.90","1,407.90",1.11K,-1.40%,,,
1298,04/08/2016,"1,427.90","1,427.90","1,427.90","1,427.90",0.38K,0.28%,,,
1299,03/08/2016,"1,423.90","1,423.90","1,423.90","1,423.90",0.72K,-0.38%,,,
1300,02/08/2016,"1,429.40","1,429.40","1,429.40","1,429.40",0.05K,0.93%,,,
1301,01/08/2016,"1,416.20","1,416.20","1,416.20","1,416.20",0.00K,0.04%,,,
1302,29/07/2016,"1,415.70","1,415.70","1,415.70","1,415.70",6.08K,1.21%,,,
1303,28/07/2016,"1,398.80","1,402.80","1,402.80","1,402.80",0.00K,0.49%,,,
1304,27/07/2016,"1,392.00","1,392.00","1,392.00","1,392.00",0.00K,0.68%,,,
1305,26/07/2016,"1,382.60","1,382.60","1,382.60","1,382.60",0.05K,0.09%,,,
1306,25/07/2016,"1,381.30","1,381.30","1,381.30","1,381.30",0.55K,-0.30%,,,
1307,22/07/2016,"1,385.50","1,385.50","1,385.50","1,385.50",0.06K,-0.48%,,,
1308,21/07/2016,"1,392.20","1,392.20","1,392.20","1,392.20",0.32K,0.91%,,,
1309,20/07/2016,"1,379.70","1,379.70","1,379.70","1,379.70",0.75K,-0.90%,,,
1310,19/07/2016,"1,392.30","1,392.30","1,392.30","1,392.30",0.35K,0.50%,,,
1311,18/07/2016,"1,385.40","1,385.40","1,385.40","1,385.40",0.05K,0.14%,,,
1312,15/07/2016,"1,383.50","1,383.50","1,383.50","1,383.50",0.05K,-0.30%,,,
1313,14/07/2016,"1,387.70","1,387.70","1,387.70","1,387.70",0.02K,-0.81%,,,
1314,13/07/2016,"1,399.00","1,399.00","1,399.00","1,399.00",0.00K,0.60%,,,
1315,12/07/2016,"1,390.70","1,390.70","1,390.70","1,390.70",0.25K,-1.46%,,,
1316,11/07/2016,"1,411.30","1,411.30","1,411.30","1,411.30",0.03K,-0.05%,,,
1317,08/07/2016,"1,412.00","1,412.00","1,412.00","1,412.00",0.25K,-0.21%,,,
1318,07/07/2016,"1,415.00","1,415.00","1,415.00","1,415.00",0.21K,-0.55%,,,
1319,06/07/2016,"1,422.80","1,422.80","1,422.80","1,422.80",0.00K,0.59%,,,
1320,05/07/2016,"1,414.40","1,414.40","1,414.40","1,414.40",0.00K,4.62%,,,
1321,04/07/2016,"1,352.00","1,345.00","1,360.15","1,343.00",-,0.48%,,,
1322,03/07/2016,"1,345.50","1,344.50","1,347.55","1,338.85",-,-3.50%,,,
1323,01/07/2016,"1,394.30","1,394.30","1,394.30","1,394.30",0.00K,1.40%,,,
1324,30/06/2016,"1,375.00","1,375.00","1,375.00","1,375.00",0.56K,-0.46%,,,
